IP,Ident,User,Date,Time,Method,Resource,Protocol,Status,Bytes
74.218.234.48,-,-,17/May/2015,18:05:10,GET,/favicon.ico,HTTP/1.1,200,3638
66.249.73.135,-,-,17/May/2015,18:05:56,GET,/blog/tags/rants,HTTP/1.1,200,39692
98.85.3.179,-,-,17/May/2015,18:05:51,GET,/favicon.ico,HTTP/1.1,200,3638
199.16.156.125,-,-,17/May/2015,18:05:37,GET,/robots.txt,HTTP/1.1,200,-
199.16.156.125,-,-,17/May/2015,18:05:40,GET,/files/lumberjack/lumberjack-0.3.0.exe,HTTP/1.1,200,4378624
209.17.114.78,-,-,17/May/2015,18:05:53,GET,/presentations/logstash-1/file/about-me/tequila-face.jpg,HTTP/1.1,200,196054
209.85.238.199,-,-,17/May/2015,18:05:50,GET,/?flav=rss20,HTTP/1.1,200,29941
46.105.14.53,-,-,17/May/2015,18:05:19,GET,/blog/tags/puppet?flav=rss20,HTTP/1.1,200,14872
195.211.162.22,-,-,17/May/2015,18:05:31,GET,/projects/xdotool/+++++++++++++++++++++Result:+chosen+nickname+%22awarovadoms%22;sent;,HTTP/1.0,404,375
195.211.162.22,-,-,17/May/2015,18:05:21,GET,/,HTTP/1.0,200,37932
46.118.118.101,-,-,17/May/2015,18:05:14,GET,/blog/tags/X11,HTTP/1.1,200,32742
209.85.238.199,-,-,17/May/2015,18:05:05,GET,/?flav=atom,HTTP/1.1,200,32352
66.249.73.135,-,-,17/May/2015,18:05:28,GET,/blog/tags/music,HTTP/1.1,200,17268
180.76.5.194,-,-,17/May/2015,18:05:53,GET,/blog/geekery/parsing-config-files.html?commentlimit=0,HTTP/1.1,200,9258
94.23.164.135,-,-,17/May/2015,18:05:26,GET,/misc/sample.log,HTTP/1.1,200,54306753
94.23.164.135,-,-,17/May/2015,18:05:34,GET,/blog/geekery/mounting-partitions-within-a-disk-image-in-linux.html,HTTP/1.1,200,9699
178.216.54.152,-,-,17/May/2015,18:05:02,GET,/,HTTP/1.0,200,37932
108.77.164.97,-,-,17/May/2015,18:05:51,GET,/presentations/logstash-scale11x/images/ahhh___rage_face_by_samusmmx-d5g5zap.png,HTTP/1.1,200,175208
178.216.54.152,-,-,17/May/2015,18:05:02,GET,/blog/geekery/installing-windows-8-consumer-preview.html,HTTP/1.0,200,8948
209.85.238.199,-,-,17/May/2015,18:05:47,GET,/test.xml,HTTP/1.1,200,1370
84.137.208.44,-,-,17/May/2015,18:05:43,GET,/projects/xdotool/,HTTP/1.1,200,12292
84.137.208.44,-,-,17/May/2015,18:05:45,GET,/reset.css,HTTP/1.1,200,1015
84.137.208.44,-,-,17/May/2015,18:05:12,GET,/style2.css,HTTP/1.1,200,4877
84.137.208.44,-,-,17/May/2015,18:05:34,GET,/images/jordan-80.png,HTTP/1.1,200,6146
84.137.208.44,-,-,17/May/2015,18:05:02,GET,/images/web/2009/banner.png,HTTP/1.1,200,52315
178.255.215.83,-,-,17/May/2015,18:05:36,GET,/robots.txt,HTTP/1.1,200,-
178.255.215.83,-,-,17/May/2015,18:05:40,GET,/blog/tags/urledit,HTTP/1.1,200,10127
68.180.224.225,-,-,17/May/2015,18:05:56,GET,/files/rubygems615/rubygems-bad-record-mac.pcap,HTTP/1.1,200,4580
46.105.14.53,-,-,17/May/2015,18:05:47,GET,/blog/tags/puppet?flav=rss20,HTTP/1.1,200,14872
66.249.73.135,-,-,17/May/2015,18:05:43,GET,/blog/tags/release,HTTP/1.1,200,40693
84.137.208.44,-,-,17/May/2015,19:05:13,GET,/apple-touch-icon-120x120-precomposed.png,HTTP/1.1,404,324
84.137.208.44,-,-,17/May/2015,19:05:23,GET,/apple-touch-icon-120x120.png,HTTP/1.1,404,312
84.137.208.44,-,-,17/May/2015,19:05:33,GET,/apple-touch-icon-precomposed.png,HTTP/1.1,404,316
84.137.208.44,-,-,17/May/2015,19:05:35,GET,/apple-touch-icon.png,HTTP/1.1,404,304
88.196.179.78,-,-,17/May/2015,19:05:18,GET,/favicon.ico,HTTP/1.1,200,3638
85.11.191.105,-,-,17/May/2015,19:05:23,GET,/favicon.ico,HTTP/1.1,200,3638
100.43.83.137,-,-,17/May/2015,19:05:27,GET,/images/selenium-squid-hack_firefox.png,HTTP/1.1,304,-
66.249.73.135,-,-,17/May/2015,19:05:56,GET,/blog/tags/X11,HTTP/1.1,200,32742
62.161.94.37,-,-,17/May/2015,19:05:19,GET,/blog/geekery/disabling-battery-in-ubuntu-vms.html?utm_source=feedburner&utm_medium=feed&utm_campaign=Feed%3A+semicomplete%2Fmain+%28semicomplete.com+-+Jordan+Sissel%29,HTTP/1.1,200,9316
66.249.73.135,-,-,17/May/2015,19:05:25,GET,/blog/tags/shmoocon2007,HTTP/1.1,200,14763
46.105.14.53,-,-,17/May/2015,19:05:48,GET,/blog/tags/puppet?flav=rss20,HTTP/1.1,200,14872
67.220.144.164,-,-,17/May/2015,19:05:34,GET,/,HTTP/1.1,200,37932
67.220.144.164,-,-,17/May/2015,19:05:22,GET,/blog/geekery/installing-windows-8-consumer-preview.html,HTTP/1.1,200,8948
98.248.53.169,-,-,17/May/2015,19:05:26,GET,/articles/dynamic-dns-with-dhcp/,HTTP/1.1,200,18848
98.248.53.169,-,-,17/May/2015,19:05:24,GET,/style2.css,HTTP/1.1,200,4877
98.248.53.169,-,-,17/May/2015,19:05:21,GET,/reset.css,HTTP/1.1,200,1015
98.248.53.169,-,-,17/May/2015,19:05:30,GET,/images/jordan-80.png,HTTP/1.1,200,6146
98.248.53.169,-,-,17/May/2015,19:05:38,GET,/images/web/2009/banner.png,HTTP/1.1,200,52315
93.152.153.38,-,-,17/May/2015,19:05:17,GET,/blog/articles/dynamic-dns-with-dhcp/main.html,HTTP/1.1,200,18848
93.152.153.38,-,-,17/May/2015,19:05:49,GET,/reset.css,HTTP/1.1,200,1015
93.152.153.38,-,-,17/May/2015,19:05:40,GET,/style2.css,HTTP/1.1,200,4877
93.152.153.38,-,-,17/May/2015,19:05:31,GET,/images/jordan-80.png,HTTP/1.1,200,6146
93.152.153.38,-,-,17/May/2015,19:05:56,GET,/images/web/2009/banner.png,HTTP/1.1,200,52315
146.1.1.2,-,-,17/May/2015,19:05:41,GET,/projects/pmbackup,HTTP/1.1,301,340
146.1.1.2,-,-,17/May/2015,19:05:31,GET,/projects/pmbackup/,HTTP/1.1,200,15945
54.196.174.134,-,-,17/May/2015,19:05:09,GET,/blog/geekery/headless-wrapper-for-ephemeral-xservers.html,HTTP/1.1,200,11902
50.16.19.13,-,-,17/May/2015,19:05:04,GET,/blog/tags/puppet?flav=rss20,HTTP/1.1,200,14872
208.93.0.48,-,-,17/May/2015,19:05:40,GET,/?flav=rss20,HTTP/1.1,200,29941
208.91.156.11,-,-,17/May/2015,19:05:00,GET,/files/logstash/logstash-1.3.2-monolithic.jar,HTTP/1.1,404,324
146.1.1.2,-,-,17/May/2015,19:05:45,GET,/articles/week-of-unix-tools/,HTTP/1.1,200,9313
146.1.1.2,-,-,17/May/2015,19:05:08,GET,/blog/articles/week-of-unix-tools/day-1-sed.html,HTTP/1.1,200,16563
146.1.1.2,-,-,17/May/2015,19:05:21,GET,/images/sed-color-output.png,HTTP/1.1,200,4231
146.1.1.2,-,-,17/May/2015,19:05:39,GET,/articles/efficiency/,HTTP/1.1,200,36398
88.196.179.78,-,-,17/May/2015,19:05:17,GET,/favicon.ico,HTTP/1.1,200,3638
68.174.223.12,-,-,17/May/2015,19:05:58,GET,/blog/geekery/puppet-nodeless-configuration.html,HTTP/1.1,200,10301
68.174.223.12,-,-,17/May/2015,19:05:31,GET,/reset.css,HTTP/1.1,200,1015
68.174.223.12,-,-,17/May/2015,19:05:04,GET,/style2.css,HTTP/1.1,200,4877
68.174.223.12,-,-,17/May/2015,19:05:38,GET,/favicon.ico,HTTP/1.1,200,3638
68.174.223.12,-,-,17/May/2015,19:05:39,GET,/images/jordan-80.png,HTTP/1.1,200,6146
68.174.223.12,-,-,17/May/2015,19:05:20,GET,/images/web/2009/banner.png,HTTP/1.1,200,52315
54.226.35.19,-,-,17/May/2015,19:05:55,GET,/,HTTP/1.1,200,37932
74.125.176.144,-,-,17/May/2015,19:05:34,GET,/?flav=rss20,HTTP/1.1,200,29941
66.249.73.135,-,-,17/May/2015,19:05:13,GET,/blog/tags/shmoocon,HTTP/1.1,200,16395
46.105.14.53,-,-,17/May/2015,19:05:34,GET,/blog/tags/puppet?flav=rss20,HTTP/1.1,200,14872
64.128.17.78,-,-,17/May/2015,19:05:20,GET,/blog/tags/dd,HTTP/1.1,200,9699
146.1.1.2,-,-,17/May/2015,19:05:56,GET,/articles/ssh-security/,HTTP/1.1,200,16543
100.43.83.137,-,-,17/May/2015,19:05:55,GET,/images/barcampblock.jpg,HTTP/1.1,304,-
180.76.6.65,-,-,17/May/2015,19:05:20,GET,/misc/grokc/omgsadness,HTTP/1.1,200,6178
98.216.194.189,-,-,17/May/2015,19:05:26,GET,/favicon.ico,HTTP/1.1,200,3638
54.211.215.107,-,-,17/May/2015,19:05:53,GET,/articles/ppp-over-ssh/,HTTP/1.1,200,18586
99.151.9.144,-,-,17/May/2015,19:05:43,GET,/,HTTP/1.1,200,37932
65.19.138.33,-,-,17/May/2015,19:05:44,GET,/?flav=rss20,HTTP/1.1,200,29941
66.249.73.135,-,-,17/May/2015,19:05:36,GET,/blog/tags/tools,HTTP/1.1,200,26510
198.228.201.171,-,-,17/May/2015,19:05:03,GET,/,HTTP/1.1,200,37932
198.228.201.171,-,-,17/May/2015,19:05:05,GET,/reset.css,HTTP/1.1,200,1015
198.228.201.171,-,-,17/May/2015,19:05:45,GET,/style2.css,HTTP/1.1,200,4877
198.228.201.171,-,-,17/May/2015,19:05:22,GET,/images/jordan-80.png,HTTP/1.1,200,6146
198.228.201.171,-,-,17/May/2015,19:05:58,GET,/images/web/2009/banner.png,HTTP/1.1,200,52315
46.105.14.53,-,-,17/May/2015,19:05:09,GET,/blog/tags/puppet?flav=rss20,HTTP/1.1,200,14872
176.58.196.36,-,-,17/May/2015,19:05:21,GET,/images/googledotcom.png,HTTP/1.1,200,65748
90.1.43.248,-,-,17/May/2015,19:05:45,GET,/projects/keynav/,HTTP/1.1,200,18985
90.1.43.248,-,-,17/May/2015,19:05:25,GET,/projects/keynav/demo-thumb.png,HTTP/1.1,200,15141
79.114.20.37,-,-,17/May/2015,19:05:36,GET,/articles/dynamic-dns-with-dhcp/,HTTP/1.1,200,18848
79.114.20.37,-,-,17/May/2015,19:05:28,GET,/blog/articles/dynamic-dns-with-dhcp/main.html,HTTP/1.1,200,18848
90.1.43.248,-,-,17/May/2015,19:05:04,GET,/projects/keynav/keynav.html,HTTP/1.1,200,191
90.1.43.248,-,-,17/May/2015,19:05:05,GET,/projects/keynav/keynav.swf,HTTP/1.1,200,897956
66.249.73.135,-,-,17/May/2015,19:05:57,GET,/?flav=rss20,HTTP/1.1,200,29941
77.175.189.215,-,-,17/May/2015,19:05:56,GET,/projects/xdotool/,HTTP/1.1,200,12292
77.175.189.215,-,-,17/May/2015,19:05:48,GET,/reset.css,HTTP/1.1,200,1015
77.175.189.215,-,-,17/May/2015,19:05:10,GET,/style2.css,HTTP/1.1,200,4877
77.175.189.215,-,-,17/May/2015,19:05:43,GET,/images/jordan-80.png,HTTP/1.1,200,6146
77.175.189.215,-,-,17/May/2015,19:05:36,GET,/images/web/2009/banner.png,HTTP/1.1,200,52315
77.175.189.215,-,-,17/May/2015,19:05:58,GET,/favicon.ico,HTTP/1.1,200,3638
66.249.73.135,-,-,17/May/2015,19:05:17,GET,/blog/tags/firefox?flav=rss20,HTTP/1.1,200,16021
75.97.9.59,-,-,17/May/2015,19:05:21,GET,/presentations/logstash-scale11x/images/kibana-dashboard.png,HTTP/1.1,200,321631
66.249.73.135,-,-,17/May/2015,19:05:29,GET,/blog/tags/windows,HTTP/1.1,200,16691
75.97.9.59,-,-,17/May/2015,19:05:12,GET,/favicon.ico,HTTP/1.1,200,3638
68.180.224.225,-,-,17/May/2015,19:05:42,GET,/projects/grok/,HTTP/1.1,301,341
217.140.110.23,-,-,17/May/2015,19:05:16,GET,/articles/dynamic-dns-with-dhcp/,HTTP/1.1,200,18848
217.140.110.23,-,-,17/May/2015,19:05:28,GET,/reset.css,HTTP/1.1,200,1015
217.140.110.23,-,-,17/May/2015,19:05:35,GET,/style2.css,HTTP/1.1,200,4877
217.140.110.23,-,-,17/May/2015,19:05:11,GET,/images/jordan-80.png,HTTP/1.1,200,6146
217.140.110.23,-,-,17/May/2015,19:05:46,GET,/images/web/2009/banner.png,HTTP/1.1,200,52315
217.140.110.23,-,-,17/May/2015,19:05:40,GET,/favicon.ico,HTTP/1.1,200,3638
209.85.238.199,-,-,17/May/2015,19:05:20,GET,/blog/tags/firefox?flav=rss20,HTTP/1.1,200,16021
46.105.14.53,-,-,17/May/2015,19:05:28,GET,/blog/tags/puppet?flav=rss20,HTTP/1.1,200,14872
188.236.57.27,-,-,17/May/2015,19:05:04,GET,/images/googledotcom.png,HTTP/1.1,200,65748
97.74.24.112,-,-,17/May/2015,19:05:49,GET,/presentations/logstash-scale11x/images/logstash-dreamhost-day.png,HTTP/1.1,200,34213
82.181.39.216,-,-,17/May/2015,19:05:37,GET,/favicon.ico,HTTP/1.1,200,3638
50.16.19.13,-,-,17/May/2015,19:05:52,GET,/blog/tags/puppet?flav=rss20,HTTP/1.1,200,14872
66.249.73.135,-,-,17/May/2015,19:05:00,GET,/blog/tags/year%20review,HTTP/1.1,200,34590
198.46.149.143,-,-,17/May/2015,19:05:44,GET,/blog/geekery/disabling-battery-in-ubuntu-vms.html?utm_source=feedburner&utm_medium=feed&utm_campaign=Feed%3A+semicomplete%2Fmain+%28semicomplete.com+-+Jordan+Sissel%29,HTTP/1.1,200,9316
198.46.149.143,-,-,17/May/2015,19:05:32,GET,/blog/geekery/solving-good-or-bad-problems.html?utm_source=feedburner&utm_medium=feed&utm_campaign=Feed%3A+semicomplete%2Fmain+%28semicomplete.com+-+Jordan+Sissel%29,HTTP/1.1,200,10756
37.194.3.12,-,-,17/May/2015,19:05:29,GET,/articles/openldap-with-saslauthd/,HTTP/1.1,200,12700
37.194.3.12,-,-,17/May/2015,19:05:11,GET,/reset.css,HTTP/1.1,200,1015
37.194.3.12,-,-,17/May/2015,19:05:14,GET,/style2.css,HTTP/1.1,200,4877
37.194.3.12,-,-,17/May/2015,19:05:03,GET,/images/jordan-80.png,HTTP/1.1,200,6146
37.194.3.12,-,-,17/May/2015,19:05:04,GET,/images/web/2009/banner.png,HTTP/1.1,200,52315
46.105.14.53,-,-,17/May/2015,19:05:18,GET,/blog/tags/puppet?flav=rss20,HTTP/1.1,200,14872
174.23.200.134,-,-,17/May/2015,19:05:31,GET,/articles/dynamic-dns-with-dhcp/,HTTP/1.1,200,18848
174.23.200.134,-,-,17/May/2015,19:05:17,GET,/reset.css,HTTP/1.1,200,1015
174.23.200.134,-,-,17/May/2015,19:05:25,GET,/style2.css,HTTP/1.1,200,4877
174.23.200.134,-,-,17/May/2015,19:05:50,GET,/images/jordan-80.png,HTTP/1.1,200,6146
174.23.200.134,-,-,17/May/2015,19:05:56,GET,/images/web/2009/banner.png,HTTP/1.1,200,52315
174.23.200.134,-,-,17/May/2015,19:05:06,GET,/favicon.ico,HTTP/1.1,200,3638
74.125.19.81,-,-,17/May/2015,19:05:29,GET,/?flav=rss20,HTTP/1.1,200,29941
205.159.86.10,-,-,17/May/2015,19:05:08,GET,/files/logstash/logstash-1.1.3-monolithic.jar,HTTP/1.1,304,-
94.23.164.135,-,-,17/May/2015,19:05:41,GET,/misc/sample.log,HTTP/1.1,200,54306753
94.23.164.135,-,-,17/May/2015,19:05:27,GET,/blog/geekery/mounting-partitions-within-a-disk-image-in-linux.html,HTTP/1.1,200,9699
81.198.20.11,-,-,17/May/2015,19:05:56,GET,/blog,HTTP/1.0,200,37936
81.198.20.11,-,-,17/May/2015,19:05:04,HEAD,/favicon.ico,HTTP/1.0,200,-
208.115.111.72,-,-,17/May/2015,19:05:33,GET,/robots.txt,HTTP/1.1,200,-
208.115.111.72,-,-,17/May/2015,19:05:35,GET,/robots.txt,HTTP/1.1,200,-
67.170.98.63,-,-,17/May/2015,19:05:12,GET,/articles/dynamic-dns-with-dhcp/,HTTP/1.1,200,18848
99.237.56.116,-,-,17/May/2015,19:05:44,GET,/projects/xdotool/xdotool.xhtml,HTTP/1.1,200,50112
99.237.56.116,-,-,17/May/2015,19:05:59,GET,/favicon.ico,HTTP/1.1,200,3638
66.249.73.135,-,-,17/May/2015,19:05:46,GET,/files/blogposts/20071009/dxargs.py,HTTP/1.1,200,8171
66.249.73.135,-,-,17/May/2015,19:05:40,GET,/,HTTP/1.1,200,37932
67.170.98.63,-,-,17/May/2015,19:05:30,GET,/files/dynamic-dns-with-dhcp/dhcpd.conf,HTTP/1.1,200,2269
67.170.98.63,-,-,17/May/2015,19:05:24,GET,/files/dynamic-dns-with-dhcp/named.conf,HTTP/1.1,200,996
46.105.14.53,-,-,17/May/2015,19:05:31,GET,/blog/tags/puppet?flav=rss20,HTTP/1.1,200,14872
66.249.73.135,-,-,17/May/2015,20:05:30,GET,/?flav=atom,HTTP/1.1,200,32352
72.174.22.174,-,-,17/May/2015,20:05:59,GET,/projects/xdotool/,HTTP/1.1,200,12292
72.174.22.174,-,-,17/May/2015,20:05:38,GET,/reset.css,HTTP/1.1,200,1015
72.174.22.174,-,-,17/May/2015,20:05:47,GET,/style2.css,HTTP/1.1,200,4877
72.174.22.174,-,-,17/May/2015,20:05:18,GET,/favicon.ico,HTTP/1.1,200,3638
72.174.22.174,-,-,17/May/2015,20:05:36,GET,/images/jordan-80.png,HTTP/1.1,200,6146
72.174.22.174,-,-,17/May/2015,20:05:51,GET,/images/web/2009/banner.png,HTTP/1.1,200,52315
27.159.203.227,-,-,17/May/2015,20:05:11,GET,/,HTTP/1.1,200,37932
27.159.203.227,-,-,17/May/2015,20:05:47,GET,/blog/geekery/installing-windows-8-consumer-preview.html,HTTP/1.1,200,8948
199.30.20.6,-,-,17/May/2015,20:05:57,GET,/robots.txt,HTTP/1.1,200,-
199.30.20.6,-,-,17/May/2015,20:05:53,GET,/presentations/logstash-1/file/logstash/logstash.png,HTTP/1.1,200,47731
66.249.73.135,-,-,17/May/2015,20:05:33,GET,/scripts/gterm.sh,HTTP/1.1,304,-
66.249.73.135,-,-,17/May/2015,20:05:52,GET,/scripts/netcat-webserver,HTTP/1.1,200,182
106.79.29.147,-,-,17/May/2015,20:05:37,GET,/articles/ssh-security/,HTTP/1.1,200,16543
106.79.29.147,-,-,17/May/2015,20:05:58,GET,/reset.css,HTTP/1.1,200,1015
106.79.29.147,-,-,17/May/2015,20:05:03,GET,/style2.css,HTTP/1.1,200,4877
106.79.29.147,-,-,17/May/2015,20:05:48,GET,/images/jordan-80.png,HTTP/1.1,200,6146
106.79.29.147,-,-,17/May/2015,20:05:00,GET,/images/web/2009/banner.png,HTTP/1.1,200,52315
106.79.29.147,-,-,17/May/2015,20:05:09,GET,/favicon.ico,HTTP/1.1,200,3638
195.188.180.1,-,-,17/May/2015,20:05:39,GET,/presentations/logstash-scale11x/images/tiered-redis-input.jpg,HTTP/1.1,304,-
50.131.51.216,-,-,17/May/2015,20:05:14,GET,/blog/geekery/headless-wrapper-for-ephemeral-xservers.html,HTTP/1.1,200,11902
50.131.51.216,-,-,17/May/2015,20:05:15,GET,/style2.css,HTTP/1.1,200,4877
50.131.51.216,-,-,17/May/2015,20:05:24,GET,/reset.css,HTTP/1.1,200,1015
50.131.51.216,-,-,17/May/2015,20:05:18,GET,/images/jordan-80.png,HTTP/1.1,200,6146
50.131.51.216,-,-,17/May/2015,20:05:59,GET,/images/web/2009/banner.png,HTTP/1.1,200,52315
46.105.14.53,-,-,17/May/2015,20:05:49,GET,/blog/tags/puppet?flav=rss20,HTTP/1.1,200,14872
157.55.32.106,-,-,17/May/2015,20:05:02,GET,/blog/geekery/python-method-call-wrapper.html,HTTP/1.1,200,11013
66.249.73.135,-,-,17/May/2015,20:05:56,GET,/scripts/tagcloud.py,HTTP/1.1,304,-
80.237.234.150,-,-,17/May/2015,20:05:04,GET,/favicon.ico,HTTP/1.1,200,3638
208.91.156.11,-,-,17/May/2015,20:05:46,GET,/files/logstash/logstash-1.3.2-monolithic.jar,HTTP/1.1,404,324
202.101.244.118,-,-,17/May/2015,20:05:22,GET,/,HTTP/1.0,200,37932
202.101.244.118,-,-,17/May/2015,20:05:27,GET,/blog/geekery/installing-windows-8-consumer-preview.html,HTTP/1.0,200,8948
50.103.242.61,-,-,17/May/2015,20:05:07,GET,/articles/dynamic-dns-with-dhcp/,HTTP/1.1,200,18848
50.103.242.61,-,-,17/May/2015,20:05:58,GET,/reset.css,HTTP/1.1,200,1015
50.103.242.61,-,-,17/May/2015,20:05:59,GET,/style2.css,HTTP/1.1,200,4877
50.103.242.61,-,-,17/May/2015,20:05:32,GET,/images/jordan-80.png,HTTP/1.1,200,6146
50.103.242.61,-,-,17/May/2015,20:05:01,GET,/images/web/2009/banner.png,HTTP/1.1,200,52315
50.103.242.61,-,-,17/May/2015,20:05:23,GET,/favicon.ico,HTTP/1.1,200,3638
50.16.19.13,-,-,17/May/2015,20:05:01,GET,/blog/tags/puppet?flav=rss20,HTTP/1.1,200,14872
178.24.154.17,-,-,17/May/2015,20:05:39,GET,/presentations/logstash-scale11x/images/logstash.png,HTTP/1.1,200,47731
46.109.147.195,-,-,17/May/2015,20:05:19,GET,/presentations/logstash-monitorama-2013/,HTTP/1.1,200,34838
46.109.147.195,-,-,17/May/2015,20:05:05,GET,/kibana/,HTTP/1.1,200,4483
88.112.19.251,-,-,17/May/2015,20:05:41,GET,/files/dynamic-dns-with-dhcp/dhcpd.conf,HTTP/1.1,200,2269
46.105.14.53,-,-,17/May/2015,20:05:11,GET,/blog/tags/puppet?flav=rss20,HTTP/1.1,200,14872
187.45.193.158,-,-,17/May/2015,20:05:56,GET,/presentations/logstash-scale11x/images/simple-inputs-filters-outputs.jpg,HTTP/1.1,200,1168622
207.241.237.104,-,-,17/May/2015,20:05:50,GET,/blog/tags/eventmachine,HTTP/1.0,200,10808
220.181.108.178,-,-,17/May/2015,20:05:36,GET,/,HTTP/1.1,200,36824
74.125.176.148,-,-,17/May/2015,20:05:19,GET,/?flav=rss20,HTTP/1.1,200,29941
107.170.40.204,-,-,17/May/2015,20:05:03,GET,/?flav=atom,HTTP/1.1,200,32352
106.66.30.77,-,-,17/May/2015,20:05:36,GET,/images/googledotcom.png,HTTP/1.1,200,65748
123.125.71.72,-,-,17/May/2015,20:05:21,GET,/,HTTP/1.1,200,36824
69.160.56.236,-,-,17/May/2015,20:05:44,GET,/blog/rants/forbes-dot-com-sucks.html,HTTP/1.1,200,9482
69.160.56.236,-,-,17/May/2015,20:05:15,GET,/blog/rants/forbes-dot-com-sucks.html,HTTP/1.1,200,9482
68.151.4.139,-,-,17/May/2015,20:05:16,GET,/articles/ssh-security/,HTTP/1.1,200,16543
68.151.4.139,-,-,17/May/2015,20:05:30,GET,/reset.css,HTTP/1.1,200,1015
68.151.4.139,-,-,17/May/2015,20:05:55,GET,/style2.css,HTTP/1.1,200,4877
68.151.4.139,-,-,17/May/2015,20:05:19,GET,/images/jordan-80.png,HTTP/1.1,200,6146
68.151.4.139,-,-,17/May/2015,20:05:35,GET,/images/web/2009/banner.png,HTTP/1.1,200,52315
68.151.4.139,-,-,17/May/2015,20:05:10,GET,/favicon.ico,HTTP/1.1,200,3638
5.255.75.89,-,-,17/May/2015,20:05:32,GET,/presentations/logstash-puppetconf-2012/,HTTP/1.0,200,37269
5.255.75.89,-,-,17/May/2015,20:05:18,GET,/presentations/puppet-at-loggly/puppet-at-loggly.pdf.html,HTTP/1.0,200,24747
207.241.237.102,-,-,17/May/2015,20:05:30,GET,/blog/tags/tail,HTTP/1.0,200,10800
201.76.90.77,-,-,17/May/2015,20:05:10,GET,/articles/dynamic-dns-with-dhcp/,HTTP/1.1,200,18848
201.76.90.77,-,-,17/May/2015,20:05:14,GET,/reset.css,HTTP/1.1,200,1015
201.76.90.77,-,-,17/May/2015,20:05:23,GET,/style2.css,HTTP/1.1,200,4877
201.76.90.77,-,-,17/May/2015,20:05:41,GET,/images/jordan-80.png,HTTP/1.1,200,6146
201.76.90.77,-,-,17/May/2015,20:05:27,GET,/images/web/2009/banner.png,HTTP/1.1,200,52315
201.76.90.77,-,-,17/May/2015,20:05:59,GET,/favicon.ico,HTTP/1.1,200,3638
223.72.228.186,-,-,17/May/2015,20:05:33,GET,/presentations/logstash-1/,HTTP/1.1,200,53270
46.105.14.53,-,-,17/May/2015,20:05:42,GET,/blog/tags/puppet?flav=rss20,HTTP/1.1,200,14872
152.16.50.192,-,-,17/May/2015,20:05:43,GET,/files/blogposts/20091227/pretty-xterm.png,HTTP/1.1,200,30438
67.61.65.249,-,-,17/May/2015,20:05:47,GET,/presentations/logstash-scale11x/images/ahhh___rage_face_by_samusmmx-d5g5zap.png,HTTP/1.1,200,175208
209.85.238.199,-,-,17/May/2015,20:05:29,GET,/?flav=rss20,HTTP/1.1,200,29941
83.161.149.61,-,-,17/May/2015,20:05:50,GET,/presentations/logstash-scale11x/images/ahhh___rage_face_by_samusmmx-d5g5zap.png,HTTP/1.1,200,175208
83.161.149.61,-,-,17/May/2015,20:05:53,GET,/favicon.ico,HTTP/1.1,200,3638
188.122.8.79,-,-,17/May/2015,20:05:59,GET,/files/xdotool/docs,HTTP/1.1,301,341
188.122.8.79,-,-,17/May/2015,20:05:19,GET,/files/xdotool/docs/,HTTP/1.1,200,1328
188.122.8.79,-,-,17/May/2015,20:05:11,GET,/icons/blank.gif,HTTP/1.1,200,148
188.122.8.79,-,-,17/May/2015,20:05:38,GET,/icons/back.gif,HTTP/1.1,200,216
188.122.8.79,-,-,17/May/2015,20:05:58,GET,/icons/folder.gif,HTTP/1.1,200,225
98.115.54.224,-,-,17/May/2015,20:05:12,GET,/presentations/logstash-scale11x/images/ahhh___rage_face_by_samusmmx-d5g5zap.png,HTTP/1.1,200,175208
67.61.65.249,-,-,17/May/2015,20:05:08,GET,/presentations/logstash-scale11x/,HTTP/1.1,200,54239
67.61.65.249,-,-,17/May/2015,20:05:26,GET,/presentations/logstash-scale11x/css/reveal.min.css,HTTP/1.1,200,23581
67.61.65.249,-,-,17/May/2015,20:05:20,GET,/presentations/logstash-scale11x/css/theme/night-jls.css,HTTP/1.1,200,3811
67.61.65.249,-,-,17/May/2015,20:05:24,GET,/presentations/logstash-scale11x/css/extra.css,HTTP/1.1,200,1395
67.61.65.249,-,-,17/May/2015,20:05:07,GET,/presentations/logstash-scale11x/lib/css/zenburn.css,HTTP/1.1,200,1791
67.61.65.249,-,-,17/May/2015,20:05:47,GET,/presentations/logstash-scale11x/lib/js/head.min.js,HTTP/1.1,200,3170
67.61.65.249,-,-,17/May/2015,20:05:09,GET,/presentations/logstash-scale11x/js/reveal.min.js,HTTP/1.1,200,18091
67.61.65.249,-,-,17/May/2015,20:05:40,GET,/presentations/logstash-scale11x/css/fonts/OpenSans.css,HTTP/1.1,200,863
67.61.65.249,-,-,17/May/2015,20:05:55,GET,/presentations/logstash-scale11x/css/fonts/Roboto.css,HTTP/1.1,200,357
67.61.65.249,-,-,17/May/2015,20:05:43,GET,/presentations/logstash-scale11x/images/logstash.png,HTTP/1.1,200,47731
67.61.65.249,-,-,17/May/2015,20:05:38,GET,/presentations/logstash-scale11x/images/alarm-clock.jpg,HTTP/1.1,200,10645
67.61.65.249,-,-,17/May/2015,20:05:01,GET,/presentations/logstash-scale11x/images/nagios-sms1.png,HTTP/1.1,200,55478
67.61.65.249,-,-,17/May/2015,20:05:52,GET,/presentations/logstash-scale11x/images/nagios-sms2.png,HTTP/1.1,200,60656
67.61.65.249,-,-,17/May/2015,20:05:49,GET,/presentations/logstash-scale11x/images/nagios-sms3.png,HTTP/1.1,200,65917
67.61.65.249,-,-,17/May/2015,20:05:03,GET,/presentations/logstash-scale11x/plugin/markdown/markdown.js,HTTP/1.1,200,1187
67.61.65.249,-,-,17/May/2015,20:05:17,GET,/presentations/logstash-scale11x/plugin/markdown/showdown.js,HTTP/1.1,200,9904
67.61.65.249,-,-,17/May/2015,20:05:47,GET,/presentations/logstash-scale11x/images/nagios-sms4.png,HTTP/1.1,200,72949
67.61.65.249,-,-,17/May/2015,20:05:48,GET,/presentations/logstash-scale11x/plugin/highlight/highlight.js,HTTP/1.1,200,26185
67.61.65.249,-,-,17/May/2015,20:05:49,GET,/presentations/logstash-scale11x/plugin/zoom-js/zoom.js,HTTP/1.1,200,7697
67.61.65.249,-,-,17/May/2015,20:05:01,GET,/presentations/logstash-scale11x/css/fonts/xjAJXh38I15wypJXxuGMBp0EAVxt0G0biEntp43Qt6E.ttf,HTTP/1.1,200,34416
67.61.65.249,-,-,17/May/2015,20:05:34,GET,/presentations/logstash-scale11x/plugin/notes/notes.js,HTTP/1.1,200,2892
67.61.65.249,-,-,17/May/2015,20:05:08,GET,/presentations/logstash-scale11x/css/fonts/cJZKeOuBrn4kERxqtaUH3aCWcynf_cDxXwCLxiixG1c.ttf,HTTP/1.1,200,36492
67.61.65.249,-,-,17/May/2015,20:05:48,GET,/presentations/logstash-scale11x/css/fonts/Roboto-Bold.ttf,HTTP/1.1,200,38720
67.61.65.249,-,-,17/May/2015,20:05:05,GET,/presentations/logstash-scale11x/css/fonts/Roboto-Regular.ttf,HTTP/1.1,200,41820
67.61.65.249,-,-,17/May/2015,20:05:33,GET,/presentations/logstash-scale11x/images/nagios-sms5.png,HTTP/1.1,200,78075
67.61.65.249,-,-,17/May/2015,20:05:50,GET,/presentations/logstash-scale11x/images/frontend-response-codes.png,HTTP/1.1,200,52878
67.61.65.249,-,-,17/May/2015,20:05:30,GET,/presentations/logstash-scale11x/images/nagios-sms6.png,HTTP/1.1,200,82859
67.61.65.249,-,-,17/May/2015,20:05:00,GET,/presentations/logstash-scale11x/images/xkcd-perl.png,HTTP/1.1,200,80663
67.61.65.249,-,-,17/May/2015,20:05:04,GET,/presentations/logstash-scale11x/images/Dreamhost_logo.svg,HTTP/1.1,200,2126
67.61.65.249,-,-,17/May/2015,20:05:46,GET,/presentations/logstash-scale11x/images/logstash-dreamhost-day.png,HTTP/1.1,200,34213
67.61.65.249,-,-,17/May/2015,20:05:55,GET,/presentations/logstash-scale11x/images/xkcd-perlswing-many.png,HTTP/1.1,200,100207
67.61.65.249,-,-,17/May/2015,20:05:41,GET,/presentations/logstash-scale11x/images/computer-keyboard-jacket.jpg,HTTP/1.1,200,176805
67.61.65.249,-,-,17/May/2015,20:05:30,GET,/presentations/logstash-scale11x/images/simple-inputs-filters.jpg,HTTP/1.1,200,1114500
67.61.65.249,-,-,17/May/2015,20:05:25,GET,/presentations/logstash-scale11x/images/sad-medic.png,HTTP/1.1,200,430406
67.61.65.249,-,-,17/May/2015,20:05:46,GET,/presentations/logstash-scale11x/images/kibana-search.png,HTTP/1.1,200,203023
67.61.65.249,-,-,17/May/2015,20:05:39,GET,/presentations/logstash-scale11x/images/simple-inputs.jpg,HTTP/1.1,200,1045663
67.61.65.249,-,-,17/May/2015,20:05:48,GET,/presentations/logstash-scale11x/images/kibana-dashboard3.png,HTTP/1.1,200,171717
94.7.215.43,-,-,17/May/2015,20:05:05,GET,/?flav=atom,HTTP/1.1,200,32352
93.203.255.51,-,-,17/May/2015,20:05:14,GET,/projects/xdotool/xdotool.xhtml,HTTP/1.1,200,50112
93.203.255.51,-,-,17/May/2015,20:05:22,GET,/favicon.ico,HTTP/1.1,200,3638
99.252.100.83,-,-,17/May/2015,20:05:28,GET,/blog/projects/xdotool/,HTTP/1.1,200,12292
99.252.100.83,-,-,17/May/2015,20:05:03,GET,/blog/projects/xdotool/,HTTP/1.1,200,12292
99.252.100.83,-,-,17/May/2015,20:05:20,GET,/blog/projects/xdotool/,HTTP/1.1,200,12292
99.252.100.83,-,-,17/May/2015,20:05:40,GET,/reset.css,HTTP/1.1,200,1015
99.252.100.83,-,-,17/May/2015,20:05:56,GET,/reset.css,HTTP/1.1,200,1015
99.252.100.83,-,-,17/May/2015,20:05:27,GET,/style2.css,HTTP/1.1,200,4877
99.252.100.83,-,-,17/May/2015,20:05:06,GET,/images/jordan-80.png,HTTP/1.1,200,6146
99.252.100.83,-,-,17/May/2015,20:05:28,GET,/images/web/2009/banner.png,HTTP/1.1,200,52315
99.252.100.83,-,-,17/May/2015,21:05:25,GET,/favicon.ico,HTTP/1.1,200,3638
64.134.102.242,-,-,17/May/2015,21:05:26,GET,/projects/xdotool/,HTTP/1.1,200,12292
64.134.102.242,-,-,17/May/2015,21:05:46,GET,/reset.css,HTTP/1.1,200,1015
64.134.102.242,-,-,17/May/2015,21:05:29,GET,/style2.css,HTTP/1.1,200,4877
64.134.102.242,-,-,17/May/2015,21:05:37,GET,/favicon.ico,HTTP/1.1,200,3638
64.134.102.242,-,-,17/May/2015,21:05:40,GET,/images/jordan-80.png,HTTP/1.1,200,6146
64.134.102.242,-,-,17/May/2015,21:05:20,GET,/images/web/2009/banner.png,HTTP/1.1,200,52315
46.105.14.53,-,-,17/May/2015,21:05:27,GET,/blog/tags/puppet?flav=rss20,HTTP/1.1,200,14872
108.174.55.234,-,-,17/May/2015,21:05:24,GET,/?flav=rss20,HTTP/1.1,200,29941
207.241.237.220,-,-,17/May/2015,21:05:50,GET,/blog/geekery/eventmachine-tail.html,HTTP/1.0,200,9171
77.125.123.137,-,-,17/May/2015,21:05:30,GET,/blog/geekery/grok-predicates-perl-vs-cplusplus.html,HTTP/1.0,200,9925
95.37.5.175,-,-,17/May/2015,21:05:40,GET,/blog/tags/web,HTTP/1.0,200,44019
50.16.19.13,-,-,17/May/2015,21:05:55,GET,/blog/tags/puppet?flav=rss20,HTTP/1.1,200,14872
46.105.14.53,-,-,17/May/2015,21:05:59,GET,/blog/tags/puppet?flav=rss20,HTTP/1.1,200,14872
88.198.255.242,-,-,17/May/2015,21:05:32,GET,/misc/sample.log,HTTP/1.1,200,54306753
88.198.255.242,-,-,17/May/2015,21:05:05,GET,/blog/geekery/mounting-partitions-within-a-disk-image-in-linux.html,HTTP/1.1,200,9699
65.19.138.33,-,-,17/May/2015,21:05:37,GET,/blog/tags/firefox?flav=rss20,HTTP/1.1,200,16021
94.7.215.43,-,-,17/May/2015,21:05:08,GET,/?flav=atom,HTTP/1.1,200,32352
194.103.63.154,-,-,17/May/2015,21:05:40,GET,/favicon.ico,HTTP/1.1,304,-
49.204.238.249,-,-,17/May/2015,21:05:10,GET,/projects/fex,HTTP/1.1,301,335
49.204.238.249,-,-,17/May/2015,21:05:32,GET,/projects/fex/,HTTP/1.1,200,14352
49.204.238.249,-,-,17/May/2015,21:05:38,GET,/reset.css,HTTP/1.1,200,1015
49.204.238.249,-,-,17/May/2015,21:05:04,GET,/style2.css,HTTP/1.1,200,4877
49.204.238.249,-,-,17/May/2015,21:05:38,GET,/favicon.ico,HTTP/1.1,200,3638
49.204.238.249,-,-,17/May/2015,21:05:21,GET,/images/jordan-80.png,HTTP/1.1,200,6146
49.204.238.249,-,-,17/May/2015,21:05:38,GET,/images/web/2009/banner.png,HTTP/1.1,200,52315
80.237.234.150,-,-,17/May/2015,21:05:31,GET,/favicon.ico,HTTP/1.1,200,3638
46.105.14.53,-,-,17/May/2015,21:05:10,GET,/blog/tags/puppet?flav=rss20,HTTP/1.1,200,14872
209.85.238.199,-,-,17/May/2015,21:05:30,GET,/?flav=atom,HTTP/1.1,200,32352
74.125.176.148,-,-,17/May/2015,21:05:18,GET,/?flav=rss20,HTTP/1.1,200,29941
182.118.20.213,-,-,17/May/2015,21:05:31,GET,/presentations/vim/,HTTP/1.1,200,20572
100.43.83.137,-,-,17/May/2015,21:05:57,GET,/images/puffer.png,HTTP/1.1,304,-
66.249.73.185,-,-,17/May/2015,21:05:01,GET,/files/rpm/logstash/,HTTP/1.1,200,5111
208.115.111.72,-,-,17/May/2015,21:05:06,GET,/,HTTP/1.1,200,37932
99.252.100.83,-,-,17/May/2015,21:05:10,GET,/files/xdotool/docs,HTTP/1.1,301,341
99.252.100.83,-,-,17/May/2015,21:05:48,GET,/files/xdotool/docs/,HTTP/1.1,200,1328
99.252.100.83,-,-,17/May/2015,21:05:31,GET,/icons/blank.gif,HTTP/1.1,200,148
99.252.100.83,-,-,17/May/2015,21:05:05,GET,/icons/folder.gif,HTTP/1.1,200,225
99.252.100.83,-,-,17/May/2015,21:05:38,GET,/icons/back.gif,HTTP/1.1,200,216
99.252.100.83,-,-,17/May/2015,21:05:28,GET,/files/xdotool/docs/html/,HTTP/1.1,200,3870
99.252.100.83,-,-,17/May/2015,21:05:00,GET,/files/xdotool/docs/html/tabs.css,HTTP/1.1,200,1844
99.252.100.83,-,-,17/May/2015,21:05:31,GET,/files/xdotool/docs/html/search/search.css,HTTP/1.1,200,3843
99.252.100.83,-,-,17/May/2015,21:05:16,GET,/files/xdotool/docs/html/doxygen.css,HTTP/1.1,200,7911
99.252.100.83,-,-,17/May/2015,21:05:04,GET,/files/xdotool/docs/html/search/search.js,HTTP/1.1,200,21330
99.252.100.83,-,-,17/May/2015,21:05:28,GET,/files/xdotool/docs/html/tab_b.gif,HTTP/1.1,200,35
99.252.100.83,-,-,17/May/2015,21:05:25,GET,/files/xdotool/docs/html/tab_r.gif,HTTP/1.1,200,2585
99.252.100.83,-,-,17/May/2015,21:05:39,GET,/files/xdotool/docs/html/tab_l.gif,HTTP/1.1,200,706
99.252.100.83,-,-,17/May/2015,21:05:25,GET,/files/xdotool/docs/html/search/search.png,HTTP/1.1,200,527
99.252.100.83,-,-,17/May/2015,21:05:20,GET,/files/xdotool/docs/html/search/close.png,HTTP/1.1,200,273
99.252.100.83,-,-,17/May/2015,21:05:06,GET,/files/xdotool/docs/html/doxygen.png,HTTP/1.1,200,1281
99.252.100.83,-,-,17/May/2015,21:05:19,GET,/files/xdotool/docs/html/xdo_8h.html,HTTP/1.1,200,145776
46.105.14.53,-,-,17/May/2015,21:05:46,GET,/blog/tags/puppet?flav=rss20,HTTP/1.1,200,14872
199.47.180.6,-,-,17/May/2015,21:05:57,GET,/presentations/logstash-scale11x/images/simple-inputs-filters-outputs.jpg,HTTP/1.1,200,1168622
64.237.35.242,-,-,17/May/2015,21:05:28,GET,/files/fastest_sites/,HTTP/1.1,200,1436
199.47.180.6,-,-,17/May/2015,21:05:39,GET,/favicon.ico,HTTP/1.1,200,3638
100.43.83.137,-,-,17/May/2015,21:05:34,GET,/files/blogposts/20091108/fizzler-rdoc.png,HTTP/1.1,304,-
86.96.42.185,-,-,17/May/2015,21:05:51,GET,/blog/geekery/show-headers-in-get-request.html,HTTP/1.1,200,10538
94.7.215.43,-,-,17/May/2015,21:05:21,GET,/?flav=atom,HTTP/1.1,200,32352
208.91.156.11,-,-,17/May/2015,21:05:51,GET,/files/logstash/logstash-1.3.2-monolithic.jar,HTTP/1.1,404,324
111.93.41.206,-,-,17/May/2015,21:05:43,GET,/images/googledotcom.png,HTTP/1.1,200,65748
199.16.156.126,-,-,17/May/2015,21:05:35,GET,/robots.txt,HTTP/1.1,200,-
199.16.156.124,-,-,17/May/2015,21:05:41,GET,/files/lumberjack/lumberjack-0.3.0.exe,HTTP/1.1,200,4378624
198.46.149.143,-,-,17/May/2015,21:05:04,GET,/blog/geekery/disabling-battery-in-ubuntu-vms.html?utm_source=feedburner&utm_medium=feed&utm_campaign=Feed%3A+semicomplete%2Fmain+%28semicomplete.com+-+Jordan+Sissel%29,HTTP/1.1,200,9316
198.46.149.143,-,-,17/May/2015,21:05:39,GET,/blog/geekery/solving-good-or-bad-problems.html?utm_source=feedburner&utm_medium=feed&utm_campaign=Feed%3A+semicomplete%2Fmain+%28semicomplete.com+-+Jordan+Sissel%29,HTTP/1.1,200,10756
66.249.73.135,-,-,17/May/2015,21:05:14,GET,/blog/geekery/118.html,HTTP/1.1,200,8756
151.225.221.231,-,-,17/May/2015,21:05:39,GET,/blog/tags/rdoc,HTTP/1.1,200,10955
151.225.221.231,-,-,17/May/2015,21:05:32,GET,/reset.css,HTTP/1.1,200,1015
151.225.221.231,-,-,17/May/2015,21:05:00,GET,/style2.css,HTTP/1.1,200,4877
151.225.221.231,-,-,17/May/2015,21:05:16,GET,/images/jordan-80.png,HTTP/1.1,200,6146
151.225.221.231,-,-,17/May/2015,21:05:12,GET,/files/blogposts/20091108/fizzler-rdoc-thumb.png,HTTP/1.1,200,7107
151.225.221.231,-,-,17/May/2015,21:05:15,GET,/images/web/2009/banner.png,HTTP/1.1,200,52315
151.225.221.231,-,-,17/May/2015,21:05:45,GET,/favicon.ico,HTTP/1.1,200,3638
49.204.238.249,-,-,17/May/2015,21:05:15,GET,/,HTTP/1.1,200,37932
46.105.14.53,-,-,17/May/2015,21:05:07,GET,/blog/tags/puppet?flav=rss20,HTTP/1.1,200,14872
50.16.19.13,-,-,17/May/2015,21:05:27,GET,/blog/tags/puppet?flav=rss20,HTTP/1.1,200,14872
84.46.60.57,-,-,17/May/2015,21:05:14,GET,/articles/dynamic-dns-with-dhcp/,HTTP/1.1,200,18848
84.46.60.57,-,-,17/May/2015,21:05:11,GET,/reset.css,HTTP/1.1,200,1015
84.46.60.57,-,-,17/May/2015,21:05:14,GET,/style2.css,HTTP/1.1,200,4877
84.46.60.57,-,-,17/May/2015,21:05:47,GET,/images/jordan-80.png,HTTP/1.1,200,6146
84.46.60.57,-,-,17/May/2015,21:05:13,GET,/images/web/2009/banner.png,HTTP/1.1,200,52315
84.46.60.57,-,-,17/May/2015,21:05:41,GET,/favicon.ico,HTTP/1.1,200,3638
66.249.73.135,-,-,17/May/2015,21:05:36,GET,/blog/geekery/grok-and-advanced-regex,HTTP/1.1,200,11715
49.204.238.249,-,-,17/May/2015,21:05:07,GET,/about/,HTTP/1.1,200,11474
49.204.238.249,-,-,17/May/2015,21:05:18,GET,/images/me.png,HTTP/1.1,200,37198
207.241.237.226,-,-,17/May/2015,21:05:34,GET,/blog/tags/svn,HTTP/1.0,200,13502
207.241.237.221,-,-,17/May/2015,21:05:18,GET,/blog/tags/dd,HTTP/1.0,200,9699
207.241.237.102,-,-,17/May/2015,21:05:25,GET,/blog/geekery/ubuntu-64bit-vmware-server.html,HTTP/1.0,200,9033
207.241.237.223,-,-,17/May/2015,21:05:53,GET,/blog/geekery/atomic-iptables-changes-and-not-dropping-packets.html,HTTP/1.0,200,13233
216.14.102.16,-,-,17/May/2015,21:05:18,HEAD,/files/fastest_sites/fastest_sites-20110317.py,HTTP/1.1,200,-
46.105.14.53,-,-,17/May/2015,21:05:11,GET,/blog/tags/puppet?flav=rss20,HTTP/1.1,200,14872
87.182.248.236,-,-,17/May/2015,21:05:23,GET,/projects/xdotool/,HTTP/1.1,200,12292
87.182.248.236,-,-,17/May/2015,21:05:31,GET,/reset.css,HTTP/1.1,200,1015
87.182.248.236,-,-,17/May/2015,21:05:01,GET,/style2.css,HTTP/1.1,200,4877
87.182.248.236,-,-,17/May/2015,21:05:29,GET,/favicon.ico,HTTP/1.1,200,3638
87.182.248.236,-,-,17/May/2015,21:05:47,GET,/images/jordan-80.png,HTTP/1.1,200,6146
87.182.248.236,-,-,17/May/2015,21:05:51,GET,/images/web/2009/banner.png,HTTP/1.1,200,52315
207.241.237.223,-,-,17/May/2015,21:05:33,GET,/blog/tags/iptables,HTTP/1.0,200,16127
74.125.19.83,-,-,17/May/2015,21:05:21,GET,/?flav=rss20,HTTP/1.1,200,29941
66.249.73.135,-,-,17/May/2015,21:05:46,GET,/blog/geekery/grok-like-grep.html,HTTP/1.1,200,11885
207.241.237.103,-,-,17/May/2015,21:05:31,GET,/blog/geekery/mounting-partitions-within-a-disk-image-in-linux.html,HTTP/1.0,200,9699
216.14.102.16,-,-,17/May/2015,21:05:20,HEAD,/files/xboxproxy/proxy-2.1.tar.gz,HTTP/1.1,200,-
94.7.215.43,-,-,17/May/2015,21:05:25,GET,/?flav=atom,HTTP/1.1,200,32352
71.207.215.148,-,-,17/May/2015,21:05:04,GET,/projects/xdotool/,HTTP/1.1,200,12292
71.207.215.148,-,-,17/May/2015,21:05:36,GET,/reset.css,HTTP/1.1,200,1015
71.207.215.148,-,-,17/May/2015,21:05:52,GET,/style2.css,HTTP/1.1,200,4877
71.207.215.148,-,-,17/May/2015,21:05:01,GET,/images/jordan-80.png,HTTP/1.1,200,6146
71.207.215.148,-,-,17/May/2015,21:05:54,GET,/images/web/2009/banner.png,HTTP/1.1,200,52315
71.207.215.148,-,-,17/May/2015,21:05:12,GET,/favicon.ico,HTTP/1.1,200,3638
66.249.73.135,-,-,17/May/2015,21:05:50,GET,/blog/tags/firefox?flav=rss20,HTTP/1.1,200,16021
213.112.247.129,-,-,17/May/2015,21:05:23,GET,/presentations/logstash-monitorama-2013/images/kibana-dashboard2.png,HTTP/1.1,200,394967
49.204.238.249,-,-,17/May/2015,21:05:48,GET,/blog/site/sitemove.html,HTTP/1.1,200,8874
49.204.238.249,-,-,17/May/2015,21:05:39,GET,/resume.xml,HTTP/1.1,200,25606
49.204.238.249,-,-,17/May/2015,21:05:28,GET,/resume.xsl,HTTP/1.1,200,4662
49.204.238.249,-,-,17/May/2015,21:05:44,GET,/resume.css,HTTP/1.1,200,986
66.249.73.135,-,-,17/May/2015,21:05:53,GET,/?flav=rss20,HTTP/1.1,200,29941
46.105.14.53,-,-,17/May/2015,21:05:28,GET,/blog/tags/puppet?flav=rss20,HTTP/1.1,200,14872
66.249.73.135,-,-,17/May/2015,21:05:37,GET,/blog/geekery/yahoo-hackday-08.html,HTTP/1.1,200,9882
68.65.254.140,-,-,17/May/2015,21:05:20,GET,/projects/xdotool/xdotool.xhtml,HTTP/1.0,200,50112
108.231.135.74,-,-,17/May/2015,21:05:46,GET,/blog/articles/week-of-unix-tools/day-2-cut-and-paste.html,HTTP/1.1,200,13312
108.231.135.74,-,-,17/May/2015,21:05:38,GET,/reset.css,HTTP/1.1,200,1015
108.231.135.74,-,-,17/May/2015,21:05:44,GET,/style2.css,HTTP/1.1,200,4877
108.231.135.74,-,-,17/May/2015,21:05:20,GET,/images/jordan-80.png,HTTP/1.1,200,6146
108.231.135.74,-,-,17/May/2015,21:05:40,GET,/images/web/2009/banner.png,HTTP/1.1,200,52315
68.65.254.140,-,-,17/May/2015,22:05:14,GET,/projects/xdotool/xdotool.xhtml,HTTP/1.0,200,50112
95.91.242.50,-,-,17/May/2015,22:05:51,GET,/projects/xdotool/xdotool.xhtml,HTTP/1.1,200,50112
95.91.242.50,-,-,17/May/2015,22:05:02,GET,/favicon.ico,HTTP/1.1,200,3638
198.143.144.61,-,-,17/May/2015,22:05:31,GET,/misc/sample.log,HTTP/1.0,200,54306753
198.143.145.210,-,-,17/May/2015,22:05:54,GET,/wp-login.php?action=register,HTTP/1.0,404,296
107.170.40.198,-,-,17/May/2015,22:05:30,GET,/?flav=atom,HTTP/1.1,200,32352
209.85.238.199,-,-,17/May/2015,22:05:41,GET,/blog/tags/firefox?flav=rss20,HTTP/1.1,200,16021
46.105.14.53,-,-,17/May/2015,22:05:29,GET,/blog/tags/puppet?flav=rss20,HTTP/1.1,200,14872
66.249.73.135,-,-,17/May/2015,22:05:50,GET,/blog/geekery/year-in-review-2007.html,HTTP/1.1,200,17228
77.125.123.137,-,-,17/May/2015,22:05:27,GET,/blog/geekery/vpn-troubles.html,HTTP/1.0,200,9983
99.33.244.41,-,-,17/May/2015,22:05:04,GET,/blog/tags/jquery%20mobile,HTTP/1.1,200,9571
99.33.244.41,-,-,17/May/2015,22:05:09,GET,/style2.css,HTTP/1.1,200,4877
99.33.244.41,-,-,17/May/2015,22:05:55,GET,/reset.css,HTTP/1.1,200,1015
99.33.244.41,-,-,17/May/2015,22:05:28,GET,/images/jordan-80.png,HTTP/1.1,200,6146
209.85.238.199,-,-,17/May/2015,22:05:38,GET,/,HTTP/1.1,200,37932
99.33.244.41,-,-,17/May/2015,22:05:27,GET,/images/web/2009/banner.png,HTTP/1.1,200,52315
99.33.244.41,-,-,17/May/2015,22:05:59,GET,/favicon.ico,HTTP/1.1,200,3638
177.37.188.215,-,-,17/May/2015,22:05:09,GET,/,HTTP/1.1,200,37932
94.7.215.43,-,-,17/May/2015,22:05:17,GET,/?flav=atom,HTTP/1.1,200,32352
99.33.244.41,-,-,17/May/2015,22:05:44,GET,/files/blogposts/20101209/fullheight.html,HTTP/1.1,200,2501
99.33.244.41,-,-,17/May/2015,22:05:55,GET,/favicon.ico,HTTP/1.1,200,3638
50.16.19.13,-,-,17/May/2015,22:05:44,GET,/blog/tags/puppet?flav=rss20,HTTP/1.1,200,14872
66.249.81.91,-,-,17/May/2015,22:05:36,GET,/projects/keynav/demo-thumb.png,HTTP/1.1,200,15141
80.28.130.108,-,-,17/May/2015,22:05:26,GET,/articles/dynamic-dns-with-dhcp/,HTTP/1.1,200,18848
80.28.130.108,-,-,17/May/2015,22:05:37,GET,/reset.css,HTTP/1.1,200,1015
80.28.130.108,-,-,17/May/2015,22:05:38,GET,/style2.css,HTTP/1.1,200,4877
80.28.130.108,-,-,17/May/2015,22:05:03,GET,/favicon.ico,HTTP/1.1,200,3638
80.28.130.108,-,-,17/May/2015,22:05:06,GET,/images/jordan-80.png,HTTP/1.1,200,6146
80.28.130.108,-,-,17/May/2015,22:05:40,GET,/images/web/2009/banner.png,HTTP/1.1,200,52315
66.249.73.135,-,-,17/May/2015,22:05:12,GET,/blog/geekery/index?page=41,HTTP/1.1,200,23700
46.105.14.53,-,-,17/May/2015,22:05:19,GET,/blog/tags/puppet?flav=rss20,HTTP/1.1,200,14872
23.21.22.111,-,-,17/May/2015,22:05:38,GET,/presentations/logstash-1/,HTTP/1.1,200,53270
66.249.73.135,-,-,17/May/2015,22:05:51,GET,/blog/geekery/year-in-review-2011.html,HTTP/1.1,200,11118
66.249.73.135,-,-,17/May/2015,22:05:10,GET,/blog/tags/logs,HTTP/1.1,200,34598
174.26.232.198,-,-,17/May/2015,22:05:21,GET,/presentations/logstash-scale11x/images/ahhh___rage_face_by_samusmmx-d5g5zap.png,HTTP/1.1,200,175208
207.241.237.104,-,-,17/May/2015,22:05:00,GET,/blog/tags/mount,HTTP/1.0,200,9699
76.103.82.13,-,-,17/May/2015,22:05:40,GET,/projects/xdotool/,HTTP/1.1,200,12292
76.103.82.13,-,-,17/May/2015,22:05:17,GET,/reset.css,HTTP/1.1,200,1015
76.103.82.13,-,-,17/May/2015,22:05:46,GET,/style2.css,HTTP/1.1,200,4877
76.103.82.13,-,-,17/May/2015,22:05:21,GET,/images/jordan-80.png,HTTP/1.1,200,6146
76.103.82.13,-,-,17/May/2015,22:05:24,GET,/images/web/2009/banner.png,HTTP/1.1,200,52315
76.103.82.13,-,-,17/May/2015,22:05:20,GET,/favicon.ico,HTTP/1.1,200,3638
180.245.66.177,-,-,17/May/2015,22:05:38,GET,/projects/xdotool/xdotool.xhtml,HTTP/1.1,200,50112
180.245.66.177,-,-,17/May/2015,22:05:30,GET,/favicon.ico,HTTP/1.1,200,3638
66.249.73.135,-,-,17/May/2015,22:05:21,GET,/blog/index?page=35,HTTP/1.1,200,29219
66.249.73.135,-,-,17/May/2015,22:05:20,GET,/?flav=atom,HTTP/1.1,200,32352
100.43.83.137,-,-,17/May/2015,22:05:09,GET,/images/grokplan.png,HTTP/1.1,304,-
74.125.19.82,-,-,17/May/2015,22:05:04,GET,/?flav=rss20,HTTP/1.1,200,29941
180.76.5.17,-,-,17/May/2015,22:05:47,GET,/robots.txt,HTTP/1.1,200,-
193.238.231.119,-,-,17/May/2015,22:05:22,GET,/presentations/logstash-puppetconf-2012/images/kibana-logstash-downloads.png,HTTP/1.0,200,95058
193.238.231.119,-,-,17/May/2015,22:05:10,GET,/presentations/logstash-scale11x/images/tiered-outputs-to-inputs.jpg,HTTP/1.0,200,1079983
207.241.237.227,-,-,17/May/2015,22:05:16,GET,/blog/tags/hack,HTTP/1.0,200,11170
66.249.73.135,-,-,17/May/2015,22:05:47,GET,/~psionic/projects/securitrack/config.xsl,HTTP/1.1,301,353
66.249.73.135,-,-,17/May/2015,22:05:18,GET,/projects/securitrack/config.xsl,HTTP/1.1,404,315
192.187.119.210,-,-,17/May/2015,22:05:40,GET,/,HTTP/1.1,200,37932
192.187.119.210,-,-,17/May/2015,22:05:11,GET,/blog/geekery/installing-windows-8-consumer-preview.html,HTTP/1.1,200,8948
81.154.31.181,-,-,17/May/2015,22:05:38,GET,/articles/dynamic-dns-with-dhcp/,HTTP/1.1,200,18848
81.154.31.181,-,-,17/May/2015,22:05:05,GET,/reset.css,HTTP/1.1,200,1015
81.154.31.181,-,-,17/May/2015,22:05:38,GET,/style2.css,HTTP/1.1,200,4877
81.154.31.181,-,-,17/May/2015,22:05:27,GET,/images/jordan-80.png,HTTP/1.1,200,6146
81.154.31.181,-,-,17/May/2015,22:05:38,GET,/images/web/2009/banner.png,HTTP/1.1,200,52315
46.105.14.53,-,-,17/May/2015,22:05:44,GET,/blog/tags/puppet?flav=rss20,HTTP/1.1,200,14872
192.227.137.164,-,-,17/May/2015,22:05:39,GET,/misc/sample.log,HTTP/1.0,200,54306753
192.227.137.164,-,-,17/May/2015,22:05:58,GET,/blog/geekery/mounting-partitions-within-a-disk-image-in-linux.html,HTTP/1.0,200,9699
66.249.73.135,-,-,17/May/2015,22:05:29,GET,/blog/site/site-design-2009.html,HTTP/1.1,200,11196
24.8.92.137,-,-,17/May/2015,22:05:44,GET,/?flav=rss20,HTTP/1.1,200,29941
201.74.200.85,-,-,17/May/2015,22:05:00,GET,/images/vim/vim-zenburn.png,HTTP/1.1,200,90256
208.91.156.11,-,-,17/May/2015,22:05:02,GET,/files/logstash/logstash-1.3.2-monolithic.jar,HTTP/1.1,404,324
94.7.215.43,-,-,17/May/2015,22:05:58,GET,/?flav=atom,HTTP/1.1,200,32352
207.241.237.104,-,-,17/May/2015,22:05:57,GET,/blog/tags/sata,HTTP/1.0,200,9368
66.211.105.190,-,-,17/May/2015,22:05:44,GET,/articles/dynamic-dns-with-dhcp/,HTTP/1.1,200,18848
66.211.105.190,-,-,17/May/2015,22:05:48,GET,/reset.css,HTTP/1.1,200,1015
66.211.105.190,-,-,17/May/2015,22:05:40,GET,/style2.css,HTTP/1.1,200,4877
66.211.105.190,-,-,17/May/2015,22:05:31,GET,/images/jordan-80.png,HTTP/1.1,200,6146
66.211.105.190,-,-,17/May/2015,22:05:29,GET,/images/web/2009/banner.png,HTTP/1.1,200,52315
66.211.105.190,-,-,17/May/2015,22:05:31,GET,/favicon.ico,HTTP/1.1,200,3638
66.249.73.135,-,-,17/May/2015,22:05:35,GET,/~psionic/projects/securitrack/config.xml,HTTP/1.1,301,353
66.249.73.135,-,-,17/May/2015,22:05:42,GET,/projects/securitrack/config.xml,HTTP/1.1,404,315
68.97.23.170,-,-,17/May/2015,22:05:26,GET,/favicon.ico,HTTP/1.1,200,3638
66.249.73.135,-,-,17/May/2015,22:05:08,GET,/blog/tags/alert,HTTP/1.1,200,10976
46.105.14.53,-,-,17/May/2015,22:05:07,GET,/blog/tags/puppet?flav=rss20,HTTP/1.1,200,14872
78.193.126.4,-,-,17/May/2015,22:05:34,GET,/projects/xdotool/,HTTP/1.1,200,12292
78.193.126.4,-,-,17/May/2015,22:05:11,GET,/reset.css,HTTP/1.1,200,1015
78.193.126.4,-,-,17/May/2015,22:05:49,GET,/style2.css,HTTP/1.1,200,4877
78.193.126.4,-,-,17/May/2015,22:05:36,GET,/images/jordan-80.png,HTTP/1.1,200,6146
78.193.126.4,-,-,17/May/2015,22:05:11,GET,/images/web/2009/banner.png,HTTP/1.1,200,52315
78.193.126.4,-,-,17/May/2015,22:05:48,GET,/favicon.ico,HTTP/1.1,200,3638
78.193.126.4,-,-,17/May/2015,22:05:57,GET,/projects/xdotool/xdotool.xhtml,HTTP/1.1,200,50112
155.63.71.11,-,-,17/May/2015,22:05:58,GET,/blog/tags/grok?page=2,HTTP/1.0,200,29611
155.63.71.11,-,-,17/May/2015,22:05:34,GET,/reset.css,HTTP/1.0,200,1015
155.63.71.11,-,-,17/May/2015,22:05:59,GET,/style2.css,HTTP/1.0,200,4877
155.63.71.11,-,-,17/May/2015,22:05:40,GET,/images/jordan-80.png,HTTP/1.0,200,6146
155.63.71.11,-,-,17/May/2015,22:05:18,GET,/images/web/2009/banner.png,HTTP/1.0,200,52315
155.63.71.11,-,-,17/May/2015,22:05:03,GET,/favicon.ico,HTTP/1.0,200,3638
50.16.19.13,-,-,17/May/2015,22:05:23,GET,/blog/tags/puppet?flav=rss20,HTTP/1.1,200,14872
66.249.73.135,-,-,17/May/2015,22:05:57,GET,/blog/tags/log,HTTP/1.1,200,8764
207.241.237.226,-,-,17/May/2015,22:05:37,GET,/blog/tags/raid,HTTP/1.0,200,15395
46.105.14.53,-,-,17/May/2015,22:05:13,GET,/blog/tags/puppet?flav=rss20,HTTP/1.1,200,14872
70.127.254.161,-,-,17/May/2015,22:05:52,GET,/projects/xdotool/,HTTP/1.1,200,12292
70.127.254.161,-,-,17/May/2015,22:05:19,GET,/reset.css,HTTP/1.1,200,1015
70.127.254.161,-,-,17/May/2015,22:05:27,GET,/style2.css,HTTP/1.1,200,4877
70.127.254.161,-,-,17/May/2015,22:05:19,GET,/images/jordan-80.png,HTTP/1.1,200,6146
70.127.254.161,-,-,17/May/2015,22:05:25,GET,/images/web/2009/banner.png,HTTP/1.1,200,52315
70.127.254.161,-,-,17/May/2015,22:05:56,GET,/favicon.ico,HTTP/1.1,200,3638
207.241.237.223,-,-,17/May/2015,22:05:11,GET,/blog/tags/vmware,HTTP/1.0,200,25370
64.80.110.74,-,-,17/May/2015,22:05:34,GET,/blog/geekery/session-balancing-across-tomcats-with-apache.html,HTTP/1.1,200,12375
64.80.110.74,-,-,17/May/2015,22:05:59,GET,/reset.css,HTTP/1.1,200,1015
64.80.110.74,-,-,17/May/2015,22:05:20,GET,/style2.css,HTTP/1.1,200,4877
64.80.110.74,-,-,17/May/2015,22:05:35,GET,/images/jordan-80.png,HTTP/1.1,200,6146
64.80.110.74,-,-,17/May/2015,22:05:13,GET,/images/web/2009/banner.png,HTTP/1.1,200,52315
64.80.110.74,-,-,17/May/2015,22:05:03,GET,/favicon.ico,HTTP/1.1,200,3638
94.7.215.43,-,-,17/May/2015,22:05:50,GET,/?flav=atom,HTTP/1.1,200,32352
66.249.73.135,-,-,17/May/2015,22:05:17,GET,/blog/tags/project,HTTP/1.1,200,29189
50.139.66.106,-,-,17/May/2015,22:05:15,GET,/presentations/logstash-scale11x/,HTTP/1.1,200,54239
50.139.66.106,-,-,17/May/2015,22:05:12,GET,/presentations/logstash-scale11x/css/theme/night-jls.css,HTTP/1.1,200,3811
50.139.66.106,-,-,17/May/2015,22:05:23,GET,/presentations/logstash-scale11x/lib/css/zenburn.css,HTTP/1.1,200,1791
50.139.66.106,-,-,17/May/2015,22:05:09,GET,/presentations/logstash-scale11x/css/extra.css,HTTP/1.1,200,1395
50.139.66.106,-,-,17/May/2015,22:05:37,GET,/presentations/logstash-scale11x/lib/js/head.min.js,HTTP/1.1,200,3170
50.139.66.106,-,-,17/May/2015,23:05:27,GET,/presentations/logstash-scale11x/images/logstash.png,HTTP/1.1,200,47731
50.139.66.106,-,-,17/May/2015,23:05:30,GET,/presentations/logstash-scale11x/js/reveal.min.js,HTTP/1.1,200,18091
50.139.66.106,-,-,17/May/2015,23:05:32,GET,/presentations/logstash-scale11x/css/fonts/Roboto.css,HTTP/1.1,200,357
50.139.66.106,-,-,17/May/2015,23:05:02,GET,/presentations/logstash-scale11x/css/fonts/OpenSans.css,HTTP/1.1,200,863
50.139.66.106,-,-,17/May/2015,23:05:03,GET,/presentations/logstash-scale11x/css/reveal.min.css,HTTP/1.1,200,23581
50.139.66.106,-,-,17/May/2015,23:05:39,GET,/presentations/logstash-scale11x/images/jordan.jpg,HTTP/1.1,200,278476
50.139.66.106,-,-,17/May/2015,23:05:56,GET,/presentations/logstash-scale11x/images/alarm-clock.jpg,HTTP/1.1,200,10645
50.139.66.106,-,-,17/May/2015,23:05:10,GET,/presentations/logstash-scale11x/images/nagios-sms3.png,HTTP/1.1,200,65917
50.139.66.106,-,-,17/May/2015,23:05:33,GET,/presentations/logstash-scale11x/images/nagios-sms1.png,HTTP/1.1,200,55478
50.139.66.106,-,-,17/May/2015,23:05:42,GET,/presentations/logstash-scale11x/images/nagios-sms2.png,HTTP/1.1,200,60656
50.139.66.106,-,-,17/May/2015,23:05:13,GET,/presentations/logstash-scale11x/plugin/markdown/showdown.js,HTTP/1.1,200,9904
50.139.66.106,-,-,17/May/2015,23:05:20,GET,/presentations/logstash-scale11x/images/nagios-sms4.png,HTTP/1.1,200,72949
50.139.66.106,-,-,17/May/2015,23:05:49,GET,/presentations/logstash-scale11x/plugin/markdown/markdown.js,HTTP/1.1,200,1187
50.139.66.106,-,-,17/May/2015,23:05:26,GET,/presentations/logstash-scale11x/images/nagios-sms5.png,HTTP/1.1,200,78075
50.139.66.106,-,-,17/May/2015,23:05:43,GET,/presentations/logstash-scale11x/css/fonts/cJZKeOuBrn4kERxqtaUH3aCWcynf_cDxXwCLxiixG1c.ttf,HTTP/1.1,200,36492
50.139.66.106,-,-,17/May/2015,23:05:11,GET,/presentations/logstash-scale11x/css/fonts/xjAJXh38I15wypJXxuGMBp0EAVxt0G0biEntp43Qt6E.ttf,HTTP/1.1,200,34416
50.139.66.106,-,-,17/May/2015,23:05:47,GET,/presentations/logstash-scale11x/images/nagios-sms6.png,HTTP/1.1,200,82859
50.139.66.106,-,-,17/May/2015,23:05:20,GET,/presentations/logstash-scale11x/images/xkcd-perl.png,HTTP/1.1,200,80663
50.139.66.106,-,-,17/May/2015,23:05:12,GET,/presentations/logstash-scale11x/plugin/highlight/highlight.js,HTTP/1.1,200,26185
50.139.66.106,-,-,17/May/2015,23:05:54,GET,/presentations/logstash-scale11x/plugin/zoom-js/zoom.js,HTTP/1.1,200,7697
50.139.66.106,-,-,17/May/2015,23:05:30,GET,/presentations/logstash-scale11x/plugin/notes/notes.js,HTTP/1.1,200,2892
50.139.66.106,-,-,17/May/2015,23:05:46,GET,/presentations/logstash-scale11x/css/fonts/Roboto-Bold.ttf,HTTP/1.1,200,38720
50.139.66.106,-,-,17/May/2015,23:05:50,GET,/presentations/logstash-scale11x/css/fonts/Roboto-Regular.ttf,HTTP/1.1,200,41820
50.139.66.106,-,-,17/May/2015,23:05:30,GET,/presentations/logstash-scale11x/images/ahhh___rage_face_by_samusmmx-d5g5zap.png,HTTP/1.1,200,175208
50.139.66.106,-,-,17/May/2015,23:05:15,GET,/presentations/logstash-scale11x/images/logstashbook.png,HTTP/1.1,200,54662
50.139.66.106,-,-,17/May/2015,23:05:55,GET,/presentations/logstash-scale11x/images/frontend-response-codes.png,HTTP/1.1,200,52878
50.139.66.106,-,-,17/May/2015,23:05:03,GET,/presentations/logstash-scale11x/images/xkcd-perlswing-many.png,HTTP/1.1,200,100207
50.139.66.106,-,-,17/May/2015,23:05:39,GET,/presentations/logstash-scale11x/images/Dreamhost_logo.svg,HTTP/1.1,200,2126
50.139.66.106,-,-,17/May/2015,23:05:25,GET,/presentations/logstash-scale11x/images/computer-keyboard-jacket.jpg,HTTP/1.1,200,176805
50.139.66.106,-,-,17/May/2015,23:05:36,GET,/presentations/logstash-scale11x/images/logstash-dreamhost-day.png,HTTP/1.1,200,34213
50.139.66.106,-,-,17/May/2015,23:05:33,GET,/presentations/logstash-scale11x/images/kibana-search.png,HTTP/1.1,200,203023
50.139.66.106,-,-,17/May/2015,23:05:02,GET,/presentations/logstash-scale11x/images/kibana-dashboard3.png,HTTP/1.1,200,171717
50.139.66.106,-,-,17/May/2015,23:05:54,GET,/presentations/logstash-scale11x/images/sad-medic.png,HTTP/1.1,200,430406
50.139.66.106,-,-,17/May/2015,23:05:50,GET,/presentations/logstash-scale11x/images/kibana-dashboard2.png,HTTP/1.1,200,394967
50.139.66.106,-,-,17/May/2015,23:05:36,GET,/presentations/logstash-scale11x/images/kibana-dashboard.png,HTTP/1.1,200,321631
50.139.66.106,-,-,17/May/2015,23:05:30,GET,/presentations/logstash-scale11x/images/simple-inputs-filters.jpg,HTTP/1.1,200,1114500
46.5.254.123,-,-,17/May/2015,23:05:45,GET,/projects/xdotool/,HTTP/1.1,200,12292
46.5.254.123,-,-,17/May/2015,23:05:47,GET,/style2.css,HTTP/1.1,200,4877
46.5.254.123,-,-,17/May/2015,23:05:17,GET,/reset.css,HTTP/1.1,200,1015
46.5.254.123,-,-,17/May/2015,23:05:21,GET,/favicon.ico,HTTP/1.1,200,3638
46.5.254.123,-,-,17/May/2015,23:05:08,GET,/images/jordan-80.png,HTTP/1.1,200,6146
46.5.254.123,-,-,17/May/2015,23:05:12,GET,/images/web/2009/banner.png,HTTP/1.1,200,52315
50.139.66.106,-,-,17/May/2015,23:05:31,GET,/presentations/logstash-scale11x/images/simple-inputs-filters-outputs.jpg,HTTP/1.1,200,1168622
50.139.66.106,-,-,17/May/2015,23:05:30,GET,/presentations/logstash-scale11x/images/tiered-outputs-to-inputs.jpg,HTTP/1.1,200,1079983
50.139.66.106,-,-,17/May/2015,23:05:04,GET,/presentations/logstash-scale11x/css/print/paper.css,HTTP/1.1,200,4254
50.139.66.106,-,-,17/May/2015,23:05:47,GET,/presentations/logstash-scale11x/images/simple-inputs.jpg,HTTP/1.1,200,1045663
50.139.66.106,-,-,17/May/2015,23:05:31,GET,/presentations/logstash-scale11x/images/tiered-redis-output.jpg,HTTP/1.1,200,1221927
50.139.66.106,-,-,17/May/2015,23:05:28,GET,/presentations/logstash-scale11x/images/tiered-redis-input.jpg,HTTP/1.1,200,1046727
50.139.66.106,-,-,17/May/2015,23:05:19,GET,/presentations/logstash-scale11x/images/tiered-redis-input-complete.jpg,HTTP/1.1,200,1103268
207.241.237.220,-,-,17/May/2015,23:05:03,GET,/blog/geekery/shebang-fix.html,HTTP/1.0,200,9438
50.139.66.106,-,-,17/May/2015,23:05:00,GET,/presentations/logstash-scale11x/images/tiered-outputs-to-inputs-redis.jpg,HTTP/1.1,200,2763364
50.139.66.106,-,-,17/May/2015,23:05:43,GET,/favicon.ico,HTTP/1.1,200,3638
209.85.238.199,-,-,17/May/2015,23:05:30,GET,/?flav=rss20,HTTP/1.1,200,29941
79.191.201.108,-,-,17/May/2015,23:05:14,GET,/articles/dynamic-dns-with-dhcp/,HTTP/1.1,200,18848
79.191.201.108,-,-,17/May/2015,23:05:19,GET,/reset.css,HTTP/1.1,200,1015
79.191.201.108,-,-,17/May/2015,23:05:46,GET,/style2.css,HTTP/1.1,200,4877
79.191.201.108,-,-,17/May/2015,23:05:20,GET,/images/jordan-80.png,HTTP/1.1,200,6146
79.191.201.108,-,-,17/May/2015,23:05:09,GET,/images/web/2009/banner.png,HTTP/1.1,200,52315
79.191.201.108,-,-,17/May/2015,23:05:26,GET,/favicon.ico,HTTP/1.1,200,3638
88.196.179.78,-,-,17/May/2015,23:05:41,GET,/favicon.ico,HTTP/1.1,200,3638
74.125.176.144,-,-,17/May/2015,23:05:58,GET,/?flav=rss20,HTTP/1.1,200,29941
66.249.73.135,-,-,17/May/2015,23:05:17,GET,/blog/tags/site?page=2,HTTP/1.1,200,24031
46.105.14.53,-,-,17/May/2015,23:05:33,GET,/blog/tags/puppet?flav=rss20,HTTP/1.1,200,14872
50.152.223.37,-,-,17/May/2015,23:05:30,GET,/presentations/logstash-scale11x/images/logstash.png,HTTP/1.1,200,47731
184.60.23.120,-,-,17/May/2015,23:05:52,GET,/articles/dynamic-dns-with-dhcp/,HTTP/1.1,200,18848
184.60.23.120,-,-,17/May/2015,23:05:38,GET,/reset.css,HTTP/1.1,200,1015
184.60.23.120,-,-,17/May/2015,23:05:00,GET,/style2.css,HTTP/1.1,200,4877
184.60.23.120,-,-,17/May/2015,23:05:13,GET,/images/jordan-80.png,HTTP/1.1,200,6146
184.60.23.120,-,-,17/May/2015,23:05:07,GET,/images/web/2009/banner.png,HTTP/1.1,200,52315
184.60.23.120,-,-,17/May/2015,23:05:04,GET,/favicon.ico,HTTP/1.1,200,3638
207.241.237.227,-,-,17/May/2015,23:05:40,GET,/blog/geekery/asus-k8n-dl-sata-boot-linux.html,HTTP/1.0,200,9368
180.76.6.142,-,-,17/May/2015,23:05:20,GET,/projects/fex,HTTP/1.1,301,335
180.76.5.20,-,-,17/May/2015,23:05:01,GET,/projects/fex/,HTTP/1.1,200,14352
50.139.66.106,-,-,17/May/2015,23:05:53,GET,/presentations/logstash-scale11x/css/fonts/PRmiXeptR36kaC0GEAetxp_TkvowlIOtbR7ePgFOpF4.ttf,HTTP/1.1,200,34752
84.58.19.108,-,-,17/May/2015,23:05:27,GET,/projects/xdotool/xdotool.xhtml,HTTP/1.1,200,50112
84.58.19.108,-,-,17/May/2015,23:05:28,GET,/favicon.ico,HTTP/1.1,200,3638
50.139.66.106,-,-,17/May/2015,23:05:27,GET,/presentations/logstash-scale11x/css/fonts/k3k702ZOKiLJc3WVjuplzInF5uFdDttMLvmWuJdhhgs.ttf,HTTP/1.1,200,38108
2.137.32.153,-,-,17/May/2015,23:05:01,GET,/blog/geekery/disabling-battery-in-ubuntu-vms.html,HTTP/1.1,200,9316
2.137.32.153,-,-,17/May/2015,23:05:19,GET,/reset.css,HTTP/1.1,200,1015
2.137.32.153,-,-,17/May/2015,23:05:28,GET,/style2.css,HTTP/1.1,200,4877
2.137.32.153,-,-,17/May/2015,23:05:09,GET,/favicon.ico,HTTP/1.1,200,3638
2.137.32.153,-,-,17/May/2015,23:05:24,GET,/images/jordan-80.png,HTTP/1.1,200,6146
2.137.32.153,-,-,17/May/2015,23:05:38,GET,/images/web/2009/banner.png,HTTP/1.1,200,52315
207.241.237.102,-,-,17/May/2015,23:05:35,GET,/blog/tags/firewall,HTTP/1.0,200,13233
207.241.237.221,-,-,17/May/2015,23:05:19,GET,/blog/geekery/vmware-server-2.0-beta-1.html,HTTP/1.0,200,10732
207.241.237.103,-,-,17/May/2015,23:05:30,GET,/blog/tags/subversion,HTTP/1.0,200,12557
198.46.149.143,-,-,17/May/2015,23:05:49,GET,/blog/geekery/disabling-battery-in-ubuntu-vms.html?utm_source=feedburner&utm_medium=feed&utm_campaign=Feed%3A+semicomplete%2Fmain+%28semicomplete.com+-+Jordan+Sissel%29,HTTP/1.1,200,9316
198.46.149.143,-,-,17/May/2015,23:05:33,GET,/blog/geekery/solving-good-or-bad-problems.html?utm_source=feedburner&utm_medium=feed&utm_campaign=Feed%3A+semicomplete%2Fmain+%28semicomplete.com+-+Jordan+Sissel%29,HTTP/1.1,200,10756
78.128.48.215,-,-,17/May/2015,23:05:30,GET,/presentations/logstash-puppetconf-2012/,HTTP/1.1,200,37269
78.128.48.215,-,-,17/May/2015,23:05:11,GET,/presentations/puppet-at-loggly/puppet-at-loggly.pdf.html,HTTP/1.1,200,24747
66.249.73.135,-,-,17/May/2015,23:05:49,GET,/blog/tags/xdo,HTTP/1.1,200,17500
207.241.237.223,-,-,17/May/2015,23:05:18,GET,/blog/tags/why%20did%20this%20take%20all%20night,HTTP/1.0,200,9368
207.241.237.221,-,-,17/May/2015,23:05:12,GET,/blog/tags/losetup,HTTP/1.0,200,9699
94.79.44.40,-,-,17/May/2015,23:05:54,GET,/blog/tags/xsendevent,HTTP/1.1,200,10049
94.79.44.40,-,-,17/May/2015,23:05:03,GET,/reset.css,HTTP/1.1,200,1015
94.79.44.40,-,-,17/May/2015,23:05:34,GET,/style2.css,HTTP/1.1,200,4877
94.79.44.40,-,-,17/May/2015,23:05:51,GET,/images/jordan-80.png,HTTP/1.1,200,6146
94.79.44.40,-,-,17/May/2015,23:05:18,GET,/images/web/2009/banner.png,HTTP/1.1,200,52315
94.79.44.40,-,-,17/May/2015,23:05:45,GET,/favicon.ico,HTTP/1.1,200,3638
46.105.14.53,-,-,17/May/2015,23:05:11,GET,/blog/tags/puppet?flav=rss20,HTTP/1.1,200,14872
178.84.1.162,-,-,17/May/2015,23:05:46,GET,/,HTTP/1.1,200,37932
46.5.254.123,-,-,17/May/2015,23:05:35,GET,/projects/xdotool/xdotool.xhtml,HTTP/1.1,200,50112
209.17.114.78,-,-,17/May/2015,23:05:18,GET,/presentations/logstash-metrics-sf-2012.10/images/graphite-bieber-gangnam-moving-average.png,HTTP/1.1,200,57048
94.242.255.188,-,-,17/May/2015,23:05:04,GET,/node/add/blog,HTTP/1.1,404,297
66.249.73.135,-,-,17/May/2015,23:05:17,GET,/misc/rcfiles/zshrc,HTTP/1.1,304,-
94.7.215.43,-,-,17/May/2015,23:05:05,GET,/?flav=atom,HTTP/1.1,200,32352
77.0.42.68,-,-,17/May/2015,23:05:33,GET,/projects/xdotool/,HTTP/1.1,200,12292
77.0.42.68,-,-,17/May/2015,23:05:00,GET,/reset.css,HTTP/1.1,200,1015
77.0.42.68,-,-,17/May/2015,23:05:52,GET,/style2.css,HTTP/1.1,200,4877
77.0.42.68,-,-,17/May/2015,23:05:48,GET,/favicon.ico,HTTP/1.1,200,3638
77.0.42.68,-,-,17/May/2015,23:05:32,GET,/images/jordan-80.png,HTTP/1.1,200,6146
77.0.42.68,-,-,18/May/2015,00:05:08,GET,/images/web/2009/banner.png,HTTP/1.1,200,52315
207.241.237.101,-,-,18/May/2015,00:05:42,GET,/blog/geekery/find-that-lost-screen-session.html,HTTP/1.0,200,11214
120.202.255.147,-,-,18/May/2015,00:05:57,GET,/files/logstash/logstash-1.1.0-monolithic.jar,HTTP/1.1,304,-
207.241.237.104,-,-,18/May/2015,00:05:43,GET,/geekery/find-that-lost-screen-session-2.html,HTTP/1.0,404,328
207.241.237.225,-,-,18/May/2015,00:05:14,GET,/blog/tags/life%20hacks,HTTP/1.0,200,8753
207.241.237.101,-,-,18/May/2015,00:05:20,GET,/blog/tags/centos,HTTP/1.0,200,14871
50.16.19.13,-,-,18/May/2015,00:05:10,GET,/blog/tags/puppet?flav=rss20,HTTP/1.1,200,14872
100.43.83.137,-,-,18/May/2015,00:05:45,GET,/presentations/logstash-scale11x/images/jordan.jpg,HTTP/1.1,304,-
46.105.14.53,-,-,18/May/2015,00:05:14,GET,/blog/tags/puppet?flav=rss20,HTTP/1.1,200,14872
66.249.73.135,-,-,18/May/2015,00:05:24,GET,/blog/tags/nfs,HTTP/1.1,200,10092
207.241.237.227,-,-,18/May/2015,00:05:59,GET,/blog/tags/egg,HTTP/1.0,200,11338
79.235.40.176,-,-,18/May/2015,00:05:46,GET,/projects/xdotool/xdotool.xhtml,HTTP/1.1,200,50112
79.235.40.176,-,-,18/May/2015,00:05:26,GET,/favicon.ico,HTTP/1.1,200,3638
108.174.55.234,-,-,18/May/2015,00:05:57,GET,/?flav=rss20,HTTP/1.1,200,29941
70.193.72.87,-,-,18/May/2015,00:05:31,GET,/presentations/logstash-blah/images/office-space-printer-beat-down-gif.gif,HTTP/1.1,200,6443283
91.68.55.56,-,-,18/May/2015,00:05:50,GET,/projects/liboverride/,HTTP/1.1,200,12909
91.68.55.56,-,-,18/May/2015,00:05:51,GET,/reset.css,HTTP/1.1,200,1015
91.68.55.56,-,-,18/May/2015,00:05:57,GET,/style2.css,HTTP/1.1,200,4877
91.68.55.56,-,-,18/May/2015,00:05:58,GET,/favicon.ico,HTTP/1.1,200,3638
91.68.55.56,-,-,18/May/2015,00:05:10,GET,/images/jordan-80.png,HTTP/1.1,200,6146
91.68.55.56,-,-,18/May/2015,00:05:47,GET,/images/web/2009/banner.png,HTTP/1.1,200,52315
107.170.40.197,-,-,18/May/2015,00:05:07,GET,/?flav=atom,HTTP/1.1,200,32352
99.33.244.41,-,-,18/May/2015,00:05:36,GET,/blog/tags/jquery%20mobile,HTTP/1.1,200,9571
66.249.73.135,-,-,18/May/2015,00:05:56,GET,/scripts/python/wrap/happyfoo.py,HTTP/1.1,200,557
31.45.226.43,-,-,18/May/2015,00:05:48,GET,/presentations/logstash-scale11x/images/ahhh___rage_face_by_samusmmx-d5g5zap.png,HTTP/1.1,200,175208
207.241.237.103,-,-,18/May/2015,00:05:31,GET,/blog/geekery/find-taht-lost-screen-session-3.html,HTTP/1.0,200,11118
46.105.14.53,-,-,18/May/2015,00:05:29,GET,/blog/tags/puppet?flav=rss20,HTTP/1.1,200,14872
66.249.73.135,-,-,18/May/2015,00:05:27,GET,/,HTTP/1.1,200,37932
85.224.97.187,-,-,18/May/2015,00:05:53,GET,/articles/dynamic-dns-with-dhcp/,HTTP/1.1,200,18848
66.249.73.135,-,-,18/May/2015,00:05:37,GET,/scripts/python/,HTTP/1.1,200,1137
180.76.5.172,-,-,18/May/2015,00:05:21,GET,/blog/geekery/honeypot-auditing.html?commentlimit=0,HTTP/1.1,200,9734
74.125.176.151,-,-,18/May/2015,00:05:26,GET,/?flav=rss20,HTTP/1.1,200,29941
207.241.237.224,-,-,18/May/2015,00:05:57,GET,/icons/unknown.gif,HTTP/1.0,200,245
66.249.73.135,-,-,18/May/2015,00:05:19,GET,/scripts/python/wrap/main.py,HTTP/1.1,200,185
173.236.32.108,-,-,18/May/2015,00:05:13,GET,/presentations/logstash-metrics-sf-2012.10/,HTTP/1.0,200,18729
173.236.32.108,-,-,18/May/2015,00:05:08,GET,/presentations/logstash-metrics-sf-2012.10/,HTTP/1.0,200,18729
207.241.237.224,-,-,18/May/2015,00:05:03,GET,/blog/tags/shebang,HTTP/1.0,200,9438
207.241.237.224,-,-,18/May/2015,00:05:52,GET,/blog/tags/hope%20is%20not%20a%20strategy,HTTP/1.0,200,8877
207.241.237.224,-,-,18/May/2015,00:05:23,GET,/blog/tags/loop,HTTP/1.0,200,9699
207.241.237.224,-,-,18/May/2015,00:05:35,GET,/blog/tags/screen%20ninja,HTTP/1.0,200,17995
66.249.73.135,-,-,18/May/2015,00:05:53,GET,/scripts/python/wrap.backup/,HTTP/1.1,200,2420
208.91.156.11,-,-,18/May/2015,00:05:50,GET,/files/logstash/logstash-1.3.2-monolithic.jar,HTTP/1.1,404,324
94.7.215.43,-,-,18/May/2015,00:05:05,GET,/?flav=atom,HTTP/1.1,200,32352
61.174.9.96,-,-,18/May/2015,00:05:32,GET,/presentations/security/,HTTP/1.0,200,38217
46.105.14.53,-,-,18/May/2015,00:05:19,GET,/blog/tags/puppet?flav=rss20,HTTP/1.1,200,14872
66.249.73.135,-,-,18/May/2015,00:05:22,GET,/scripts/python/wrap/wrap.py,HTTP/1.1,200,256
207.241.237.104,-,-,18/May/2015,00:05:31,GET,/scripts/wakeup.sh,HTTP/1.0,200,312
207.241.237.220,-,-,18/May/2015,00:05:42,GET,/geekery/find-that-lost-screen-session.html,HTTP/1.0,404,326
199.30.20.7,-,-,18/May/2015,00:05:00,GET,/robots.txt,HTTP/1.1,200,-
199.30.20.7,-,-,18/May/2015,00:05:03,GET,/blog/geekery/101.html?commentlimit=0,HTTP/1.1,200,9419
86.96.42.185,-,-,18/May/2015,00:05:13,GET,/blog/tags/debugging,HTTP/1.1,200,24083
66.249.73.135,-,-,18/May/2015,00:05:55,GET,/blog/tags/firefox?flav=rss20,HTTP/1.1,200,16021
207.241.237.102,-,-,18/May/2015,00:05:21,GET,/blog/geekery/python-packages-as-rpm.html,HTTP/1.0,200,11338
199.15.233.137,-,-,18/May/2015,00:05:11,GET,/blog,HTTP/1.0,200,37936
46.105.14.53,-,-,18/May/2015,00:05:24,GET,/blog/tags/puppet?flav=rss20,HTTP/1.1,200,14872
77.230.140.4,-,-,18/May/2015,00:05:16,GET,/favicon.ico,HTTP/1.1,200,3638
77.230.140.4,-,-,18/May/2015,00:05:49,GET,/projects/xdotool/xdotool.xhtml,HTTP/1.1,200,50112
185.5.156.107,-,-,18/May/2015,00:05:37,GET,/images/googledotcom.png,HTTP/1.1,200,65748
98.227.31.237,-,-,18/May/2015,00:05:01,GET,/projects/xdotool/,HTTP/1.1,200,12292
98.227.31.237,-,-,18/May/2015,00:05:37,GET,/reset.css,HTTP/1.1,200,1015
98.227.31.237,-,-,18/May/2015,00:05:42,GET,/style2.css,HTTP/1.1,200,4877
98.227.31.237,-,-,18/May/2015,00:05:54,GET,/images/jordan-80.png,HTTP/1.1,200,6146
98.227.31.237,-,-,18/May/2015,00:05:47,GET,/images/web/2009/banner.png,HTTP/1.1,200,52315
98.227.31.237,-,-,18/May/2015,00:05:50,GET,/favicon.ico,HTTP/1.1,200,3638
46.105.125.31,-,-,18/May/2015,00:05:19,HEAD,/projects/xdotool/,HTTP/1.1,200,-
50.16.19.13,-,-,18/May/2015,00:05:14,GET,/blog/tags/puppet?flav=rss20,HTTP/1.1,200,14872
201.216.154.220,-,-,18/May/2015,00:05:53,GET,/images/googledotcom.png,HTTP/1.1,200,65748
84.112.29.184,-,-,18/May/2015,00:05:48,GET,/projects/xdotool/,HTTP/1.1,200,12292
84.112.29.184,-,-,18/May/2015,00:05:30,GET,/reset.css,HTTP/1.1,200,1015
84.112.29.184,-,-,18/May/2015,00:05:24,GET,/images/jordan-80.png,HTTP/1.1,200,6146
84.112.29.184,-,-,18/May/2015,00:05:27,GET,/style2.css,HTTP/1.1,200,4877
84.112.29.184,-,-,18/May/2015,00:05:47,GET,/images/web/2009/banner.png,HTTP/1.1,200,52315
84.112.29.184,-,-,18/May/2015,00:05:22,GET,/favicon.ico,HTTP/1.1,200,3638
71.59.29.242,-,-,18/May/2015,00:05:05,GET,/projects/xdotool/xdotool.xhtml,HTTP/1.1,200,50112
71.59.29.242,-,-,18/May/2015,00:05:27,GET,/favicon.ico,HTTP/1.1,200,3638
50.90.110.61,-,-,18/May/2015,00:05:41,GET,/favicon.ico,HTTP/1.1,200,3638
213.112.253.123,-,-,18/May/2015,00:05:29,GET,/blog/tags/smart,HTTP/1.1,200,10068
213.112.253.123,-,-,18/May/2015,00:05:21,GET,/reset.css,HTTP/1.1,200,1015
213.112.253.123,-,-,18/May/2015,00:05:28,GET,/style2.css,HTTP/1.1,200,4877
213.112.253.123,-,-,18/May/2015,00:05:26,GET,/images/jordan-80.png,HTTP/1.1,200,6146
213.112.253.123,-,-,18/May/2015,00:05:27,GET,/images/web/2009/banner.png,HTTP/1.1,200,52315
213.112.253.123,-,-,18/May/2015,00:05:32,GET,/favicon.ico,HTTP/1.1,200,3638
117.172.98.228,-,-,18/May/2015,00:05:23,GET,/presentations/logstash-puppetconf-2012/,HTTP/1.1,200,37269
117.172.98.228,-,-,18/May/2015,00:05:39,GET,/presentations/puppet-at-loggly/puppet-at-loggly.pdf.html,HTTP/1.1,200,24747
207.241.237.223,-,-,18/May/2015,00:05:31,GET,/blog/geekery/find-that-lost-screen-session-2.html,HTTP/1.0,200,10566
207.241.237.103,-,-,18/May/2015,00:05:28,GET,/blog/tags/screen,HTTP/1.0,200,26645
157.56.229.247,-,-,18/May/2015,00:05:49,GET,/robots.txt,HTTP/1.1,200,-
209.85.238.199,-,-,18/May/2015,00:05:18,GET,/blog/tags/firefox?flav=rss20,HTTP/1.1,200,16021
66.249.73.135,-,-,18/May/2015,00:05:19,GET,/?flav=rss20,HTTP/1.1,200,29941
46.105.14.53,-,-,18/May/2015,00:05:23,GET,/blog/tags/puppet?flav=rss20,HTTP/1.1,200,14872
77.248.77.178,-,-,18/May/2015,00:05:47,GET,/articles/ssh-security/,HTTP/1.1,200,16543
77.248.77.178,-,-,18/May/2015,00:05:27,GET,/reset.css,HTTP/1.1,200,1015
77.248.77.178,-,-,18/May/2015,00:05:24,GET,/style2.css,HTTP/1.1,200,4877
77.248.77.178,-,-,18/May/2015,00:05:36,GET,/images/jordan-80.png,HTTP/1.1,200,6146
77.248.77.178,-,-,18/May/2015,00:05:14,GET,/images/web/2009/banner.png,HTTP/1.1,200,52315
77.248.77.178,-,-,18/May/2015,00:05:19,GET,/favicon.ico,HTTP/1.1,200,3638
172.56.28.38,-,-,18/May/2015,00:05:04,GET,/projects/xdotool/xdotool.xhtml,HTTP/1.1,200,50112
172.56.28.38,-,-,18/May/2015,00:05:32,GET,/favicon.ico,HTTP/1.1,200,3638
94.79.44.40,-,-,18/May/2015,00:05:10,GET,/blog/geekery/xsendevent-xdotool-and-ld_preload.html,HTTP/1.1,200,10049
94.79.44.40,-,-,18/May/2015,00:05:03,GET,/reset.css,HTTP/1.1,200,1015
94.79.44.40,-,-,18/May/2015,00:05:33,GET,/style2.css,HTTP/1.1,200,4877
94.79.44.40,-,-,18/May/2015,00:05:11,GET,/favicon.ico,HTTP/1.1,200,3638
94.79.44.40,-,-,18/May/2015,00:05:06,GET,/images/jordan-80.png,HTTP/1.1,200,6146
94.79.44.40,-,-,18/May/2015,00:05:42,GET,/images/web/2009/banner.png,HTTP/1.1,200,52315
180.76.6.52,-,-,18/May/2015,00:05:22,GET,/blog/geekery/sysprep-might-cause-early-balding.html?commentlimit=0,HTTP/1.1,200,9043
117.78.13.17,-,-,18/May/2015,00:05:20,GET,/robots.txt,HTTP/1.0,200,-
117.78.13.17,-,-,18/May/2015,00:05:49,GET,/,HTTP/1.0,200,37932
207.241.237.102,-,-,18/May/2015,00:05:32,GET,/blog/tags/egg2rpm,HTTP/1.0,200,11338
74.125.176.82,-,-,18/May/2015,00:05:46,GET,/?flav=rss20,HTTP/1.1,200,29941
207.241.237.225,-,-,18/May/2015,00:05:42,GET,/blog/productivity/wakeup-script.html,HTTP/1.0,200,8753
5.63.5.62,-,-,18/May/2015,00:05:59,GET,/images/googledotcom.png,HTTP/1.1,200,65748
207.241.237.223,-,-,18/May/2015,00:05:36,GET,/blog/tags/site,HTTP/1.0,200,28160
207.241.237.227,-,-,18/May/2015,00:05:47,GET,/blog/tags/security,HTTP/1.0,200,52349
192.3.22.170,-,-,18/May/2015,00:05:32,GET,/,HTTP/1.0,200,37932
192.3.22.170,-,-,18/May/2015,00:05:05,GET,/blog/geekery/installing-windows-8-consumer-preview.html,HTTP/1.0,200,8948
46.105.14.53,-,-,18/May/2015,00:05:56,GET,/blog/tags/puppet?flav=rss20,HTTP/1.1,200,14872
207.241.237.227,-,-,18/May/2015,01:05:15,GET,/blog/tags/releases,HTTP/1.0,200,19781
207.241.237.220,-,-,18/May/2015,01:05:11,GET,/blog/geekery/tsawm-window-manager-project.html,HTTP/1.0,200,10489
207.241.237.225,-,-,18/May/2015,01:05:53,GET,/blog/tags/xdo,HTTP/1.0,200,17500
173.44.57.180,-,-,18/May/2015,01:05:47,GET,/blog/projects,HTTP/1.1,200,54683
207.241.237.104,-,-,18/May/2015,01:05:56,GET,/blog/tags/software,HTTP/1.0,200,11159
85.28.124.249,-,-,18/May/2015,01:05:25,GET,/articles/dynamic-dns-with-dhcp/,HTTP/1.1,200,18848
85.28.124.249,-,-,18/May/2015,01:05:08,GET,/style2.css,HTTP/1.1,200,4877
85.28.124.249,-,-,18/May/2015,01:05:50,GET,/images/jordan-80.png,HTTP/1.1,200,6146
85.28.124.249,-,-,18/May/2015,01:05:59,GET,/reset.css,HTTP/1.1,200,1015
85.28.124.249,-,-,18/May/2015,01:05:33,GET,/images/web/2009/banner.png,HTTP/1.1,200,52315
85.28.124.249,-,-,18/May/2015,01:05:00,GET,/favicon.ico,HTTP/1.1,200,3638
66.249.73.135,-,-,18/May/2015,01:05:52,GET,/?flav=atom,HTTP/1.1,200,32352
100.43.83.137,-,-,18/May/2015,01:05:16,GET,/presentations/logstash-scale11x/images/logstashbook.png,HTTP/1.1,304,-
207.241.237.223,-,-,18/May/2015,01:05:26,GET,/blog/geekery/xscreensaver-hack-to-not-annoy-coworkers.html,HTTP/1.0,200,8851
207.241.237.102,-,-,18/May/2015,01:05:21,GET,/blog/geekery/python-data-bdb-and-friends.html,HTTP/1.0,200,11607
207.241.237.223,-,-,18/May/2015,01:05:14,GET,/blog/tags/shdh18,HTTP/1.0,200,14598
207.241.237.223,-,-,18/May/2015,01:05:54,GET,/blog/tags/strtok,HTTP/1.0,200,10404
207.241.237.221,-,-,18/May/2015,01:05:21,GET,/blog/geekery/a-step-in-a-new-direction.html,HTTP/1.0,200,15431
207.241.237.221,-,-,18/May/2015,01:05:24,GET,/blog/tags/pam_captcha,HTTP/1.0,200,14868
207.241.237.220,-,-,18/May/2015,01:05:38,GET,/blog/geekery/eventdb-ideas.html,HTTP/1.0,200,11418
207.241.237.220,-,-,18/May/2015,01:05:24,GET,/blog/tags/barcampstanford,HTTP/1.0,200,18698
207.241.237.101,-,-,18/May/2015,01:05:40,GET,/blog/geekery/mini-freebsd-script.html,HTTP/1.0,200,10638
207.241.237.104,-,-,18/May/2015,01:05:49,GET,/blog/tags/xpathtool,HTTP/1.0,200,12150
66.249.73.185,-,-,18/May/2015,01:05:47,GET,/files/pam_logfailure/,HTTP/1.1,200,992
207.241.237.220,-,-,18/May/2015,01:05:32,GET,/blog/tags/pcre,HTTP/1.0,200,19905
207.241.237.102,-,-,18/May/2015,01:05:20,GET,/blog/tags/apache,HTTP/1.0,200,15846
50.152.223.37,-,-,18/May/2015,01:05:10,GET,/presentations/logstash-scale11x/images/logstash.png,HTTP/1.1,200,47731
207.241.237.103,-,-,18/May/2015,01:05:42,GET,/blog/geekery/grok-like-grep.html,HTTP/1.0,200,11885
46.105.14.53,-,-,18/May/2015,01:05:55,GET,/blog/tags/puppet?flav=rss20,HTTP/1.1,200,14872
66.249.73.135,-,-,18/May/2015,01:05:47,GET,/articles/dynamic-dns-with-dhcp/,HTTP/1.1,200,18848
207.241.237.225,-,-,18/May/2015,01:05:22,GET,/blog/tags/extension,HTTP/1.0,200,11376
66.249.73.135,-,-,18/May/2015,01:05:29,GET,/blog/tags/installer%20failure,HTTP/1.1,200,8948
207.241.237.101,-,-,18/May/2015,01:05:00,GET,/blog/geekery/year-in-review-2006.html,HTTP/1.0,200,11717
54.234.1.193,-,-,18/May/2015,01:05:48,GET,/favicon.ico,HTTP/1.1,200,3638
207.241.237.227,-,-,18/May/2015,01:05:49,GET,/blog/tags/defcon15,HTTP/1.0,200,20233
100.43.83.137,-,-,18/May/2015,01:05:03,GET,/presentations/logstash-puppetconf-2012/images/kibana-logstash-downloads.png,HTTP/1.1,304,-
207.241.237.220,-,-,18/May/2015,01:05:44,GET,/blog/tags/tales-of-olden-time,HTTP/1.0,200,11717
50.16.19.13,-,-,18/May/2015,01:05:41,GET,/blog/tags/puppet?flav=rss20,HTTP/1.1,200,14872
100.43.83.137,-,-,18/May/2015,01:05:09,GET,/presentations/logstash-scale11x/images/tiered-redis-input.jpg,HTTP/1.1,304,-
82.145.219.13,-,-,18/May/2015,01:05:11,GET,/blog,HTTP/1.1,200,37936
82.145.219.13,-,-,18/May/2015,01:05:07,GET,/style2.css,HTTP/1.1,200,4877
82.145.219.13,-,-,18/May/2015,01:05:38,GET,/favicon.ico,HTTP/1.1,200,3638
82.145.219.13,-,-,18/May/2015,01:05:10,GET,/images/jordan-80.png,HTTP/1.1,200,6146
82.145.219.13,-,-,18/May/2015,01:05:02,GET,/reset.css,HTTP/1.1,200,1015
82.145.219.13,-,-,18/May/2015,01:05:26,GET,/images/web/2009/banner.png,HTTP/1.1,200,52315
207.241.237.220,-,-,18/May/2015,01:05:43,GET,/blog/tags/c++,HTTP/1.0,200,27925
207.241.237.101,-,-,18/May/2015,01:05:37,GET,/blog/geekery/wsj-feature.html,HTTP/1.0,200,9583
207.241.237.225,-,-,18/May/2015,01:05:40,GET,/blog/geekery/grok-and-eventdb.html,HTTP/1.0,200,12456
173.217.194.185,-,-,18/May/2015,01:05:03,GET,/presentations/logstash-preso-1.0/images/ahhh___rage_face_by_samusmmx-d5g5zap.png,HTTP/1.1,200,175208
144.76.137.226,-,-,18/May/2015,01:05:57,GET,/robots.txt,HTTP/1.0,200,-
207.241.237.223,-,-,18/May/2015,01:05:33,GET,/blog/geekery/storageutils-db-graphs-etc.html,HTTP/1.0,200,10167
144.76.137.226,-,-,18/May/2015,01:05:54,GET,/projects/firefox-urledit/urledit-screencast.html,HTTP/1.0,200,783
207.241.237.223,-,-,18/May/2015,01:05:58,GET,/blog/geekery/jquery-interface-puffer.html,HTTP/1.0,200,9799
207.241.237.226,-,-,18/May/2015,01:05:07,GET,/blog/tags/mashupcampdublin,HTTP/1.0,200,13867
207.241.237.223,-,-,18/May/2015,01:05:19,GET,/blog/tags/gtk,HTTP/1.0,200,14316
66.249.73.135,-,-,18/May/2015,01:05:36,GET,/blog/geekery/sequencing-and-searching-strings,HTTP/1.1,200,15370
207.241.237.104,-,-,18/May/2015,01:05:00,GET,/blog/geekery/grok-and-advanced-regex,HTTP/1.0,200,11715
207.241.237.101,-,-,18/May/2015,01:05:35,GET,/blog/geekery/splitting-large-logs.html,HTTP/1.0,200,11920
207.241.237.226,-,-,18/May/2015,01:05:46,GET,/blog/geekery/squid-selenium-dance-party.html,HTTP/1.0,200,9633
46.105.14.53,-,-,18/May/2015,01:05:47,GET,/blog/tags/puppet?flav=rss20,HTTP/1.1,200,14872
207.241.237.101,-,-,18/May/2015,01:05:32,GET,/blog/geekery/simple-mysql-slave-id-scaling.html,HTTP/1.0,200,11199
207.241.237.221,-,-,18/May/2015,01:05:20,GET,/blog/tags/cgrok,HTTP/1.0,200,14014
207.241.237.220,-,-,18/May/2015,01:05:03,GET,/blog/geekery/grok-gets-more-ridiculous.html,HTTP/1.0,200,9975
207.241.237.226,-,-,18/May/2015,01:05:56,GET,/blog/tags/c++grok,HTTP/1.0,200,13064
86.76.247.183,-,-,18/May/2015,01:05:44,GET,/presentations/logstash-preso-1.0/,HTTP/1.1,200,56479
86.76.247.183,-,-,18/May/2015,01:05:22,GET,/presentations/logstash-preso-1.0/images/ahhh___rage_face_by_samusmmx-d5g5zap.png,HTTP/1.1,200,175208
86.76.247.183,-,-,18/May/2015,01:05:07,GET,/presentations/logstash-preso-1.0/css/reveal.min.css,HTTP/1.1,200,23581
86.76.247.183,-,-,18/May/2015,01:05:44,GET,/presentations/logstash-preso-1.0/css/theme/night-jls.css,HTTP/1.1,200,3811
86.76.247.183,-,-,18/May/2015,01:05:32,GET,/presentations/logstash-preso-1.0/lib/css/zenburn.css,HTTP/1.1,200,1791
86.76.247.183,-,-,18/May/2015,01:05:05,GET,/presentations/logstash-preso-1.0/css/extra.css,HTTP/1.1,200,1395
86.76.247.183,-,-,18/May/2015,01:05:08,GET,/presentations/logstash-preso-1.0/images/logstash.png,HTTP/1.1,200,47731
86.76.247.183,-,-,18/May/2015,01:05:37,GET,/presentations/logstash-preso-1.0/lib/js/head.min.js,HTTP/1.1,200,3170
86.76.247.183,-,-,18/May/2015,01:05:19,GET,/presentations/logstash-preso-1.0/js/reveal.min.js,HTTP/1.1,200,18091
86.76.247.183,-,-,18/May/2015,01:05:31,GET,/presentations/logstash-preso-1.0/css/fonts/OpenSans.css,HTTP/1.1,200,863
86.76.247.183,-,-,18/May/2015,01:05:48,GET,/presentations/logstash-preso-1.0/css/fonts/Roboto.css,HTTP/1.1,200,357
86.76.247.183,-,-,18/May/2015,01:05:10,GET,/presentations/logstash-preso-1.0/images/alarm-clock.jpg,HTTP/1.1,200,10645
86.76.247.183,-,-,18/May/2015,01:05:18,GET,/presentations/logstash-preso-1.0/images/nagios-sms1.png,HTTP/1.1,200,55478
86.76.247.183,-,-,18/May/2015,01:05:06,GET,/presentations/logstash-preso-1.0/css/fonts/xjAJXh38I15wypJXxuGMBp0EAVxt0G0biEntp43Qt6E.ttf,HTTP/1.1,200,34416
86.76.247.183,-,-,18/May/2015,01:05:21,GET,/presentations/logstash-preso-1.0/images/nagios-sms2.png,HTTP/1.1,200,60656
86.76.247.183,-,-,18/May/2015,01:05:03,GET,/presentations/logstash-preso-1.0/css/fonts/cJZKeOuBrn4kERxqtaUH3aCWcynf_cDxXwCLxiixG1c.ttf,HTTP/1.1,200,36492
86.76.247.183,-,-,18/May/2015,01:05:16,GET,/presentations/logstash-preso-1.0/images/nagios-sms3.png,HTTP/1.1,200,65917
86.76.247.183,-,-,18/May/2015,01:05:40,GET,/presentations/logstash-preso-1.0/images/jordan.jpg,HTTP/1.1,200,278476
86.76.247.183,-,-,18/May/2015,01:05:57,GET,/presentations/logstash-preso-1.0/plugin/markdown/showdown.js,HTTP/1.1,200,9904
86.76.247.183,-,-,18/May/2015,01:05:58,GET,/presentations/logstash-preso-1.0/plugin/markdown/markdown.js,HTTP/1.1,200,1187
86.76.247.183,-,-,18/May/2015,01:05:52,GET,/presentations/logstash-preso-1.0/images/Dreamhost_logo.svg,HTTP/1.1,200,2126
86.76.247.183,-,-,18/May/2015,01:05:04,GET,/presentations/logstash-preso-1.0/plugin/highlight/highlight.js,HTTP/1.1,200,26185
86.76.247.183,-,-,18/May/2015,01:05:53,GET,/presentations/logstash-preso-1.0/images/xkcd-perlswing-many.png,HTTP/1.1,200,100207
86.76.247.183,-,-,18/May/2015,01:05:27,GET,/presentations/logstash-preso-1.0/images/nagios-sms4.png,HTTP/1.1,200,72949
86.76.247.183,-,-,18/May/2015,01:05:42,GET,/presentations/logstash-preso-1.0/plugin/zoom-js/zoom.js,HTTP/1.1,200,7697
86.76.247.183,-,-,18/May/2015,01:05:47,GET,/presentations/logstash-preso-1.0/images/computer-keyboard-jacket.jpg,HTTP/1.1,200,176805
86.76.247.183,-,-,18/May/2015,01:05:22,GET,/presentations/logstash-preso-1.0/plugin/notes/notes.js,HTTP/1.1,200,2892
86.76.247.183,-,-,18/May/2015,01:05:21,GET,/presentations/logstash-preso-1.0/css/fonts/Roboto-Bold.ttf,HTTP/1.1,200,38720
86.76.247.183,-,-,18/May/2015,01:05:41,GET,/presentations/logstash-preso-1.0/css/fonts/Roboto-Regular.ttf,HTTP/1.1,200,41820
86.76.247.183,-,-,18/May/2015,01:05:27,GET,/presentations/logstash-preso-1.0/images/logstash-dreamhost-day.png,HTTP/1.1,200,34213
86.76.247.183,-,-,18/May/2015,01:05:13,GET,/presentations/logstash-preso-1.0/images/sad-medic.png,HTTP/1.1,200,430406
86.76.247.183,-,-,18/May/2015,01:05:18,GET,/presentations/logstash-preso-1.0/images/nagios-sms5.png,HTTP/1.1,200,78075
86.76.247.183,-,-,18/May/2015,01:05:35,GET,/presentations/logstash-preso-1.0/images/kibana-dashboard3.png,HTTP/1.1,200,171717
86.76.247.183,-,-,18/May/2015,01:05:07,GET,/presentations/logstash-preso-1.0/images/kibana-search.png,HTTP/1.1,200,203023
86.76.247.183,-,-,18/May/2015,01:05:30,GET,/presentations/logstash-preso-1.0/images/kibana-dashboard2.png,HTTP/1.1,200,394967
173.252.110.114,-,-,18/May/2015,01:05:03,GET,/presentations/logstash-preso-1.0/images/ahhh___rage_face_by_samusmmx-d5g5zap.png,HTTP/1.1,206,175208
173.252.110.119,-,-,18/May/2015,01:05:04,GET,/presentations/logstash-preso-1.0/images/ahhh___rage_face_by_samusmmx-d5g5zap.png,HTTP/1.1,206,9000
86.76.247.183,-,-,18/May/2015,01:05:26,GET,/presentations/logstash-preso-1.0/images/kibana-dashboard.png,HTTP/1.1,200,321631
86.76.247.183,-,-,18/May/2015,01:05:16,GET,/presentations/logstash-preso-1.0/images/simple-inputs.jpg,HTTP/1.1,200,1045663
86.76.247.183,-,-,18/May/2015,01:05:56,GET,/presentations/logstash-preso-1.0/images/simple-inputs-filters.jpg,HTTP/1.1,200,1114500
69.171.248.4,-,-,18/May/2015,01:05:23,GET,/presentations/logstash-preso-1.0/images/ahhh___rage_face_by_samusmmx-d5g5zap.png,HTTP/1.1,206,175208
86.76.247.183,-,-,18/May/2015,01:05:42,GET,/presentations/logstash-preso-1.0/images/simple-inputs-filters-outputs.jpg,HTTP/1.1,200,1168622
69.171.248.3,-,-,18/May/2015,01:05:32,GET,/presentations/logstash-preso-1.0/images/ahhh___rage_face_by_samusmmx-d5g5zap.png,HTTP/1.1,206,175208
86.76.247.183,-,-,18/May/2015,01:05:53,GET,/presentations/logstash-preso-1.0/images/tiered-outputs-to-inputs.jpg,HTTP/1.1,200,1079983
173.252.80.112,-,-,18/May/2015,01:05:49,GET,/presentations/logstash-preso-1.0/images/ahhh___rage_face_by_samusmmx-d5g5zap.png,HTTP/1.1,200,175208
86.76.247.183,-,-,18/May/2015,01:05:36,GET,/presentations/logstash-preso-1.0/images/logstashbook.png,HTTP/1.1,200,54662
86.76.247.183,-,-,18/May/2015,01:05:15,GET,/presentations/logstash-preso-1.0/images/nagios-sms6.png,HTTP/1.1,200,82859
86.76.247.183,-,-,18/May/2015,01:05:33,GET,/presentations/logstash-preso-1.0/images/xkcd-perl.png,HTTP/1.1,200,80663
86.76.247.183,-,-,18/May/2015,01:05:43,GET,/presentations/logstash-preso-1.0/images/frontend-response-codes.png,HTTP/1.1,200,52878
86.76.247.183,-,-,18/May/2015,01:05:28,GET,/presentations/logstash-preso-1.0/images/tiered-redis-output.jpg,HTTP/1.1,200,1221927
86.76.247.183,-,-,18/May/2015,01:05:14,GET,/presentations/logstash-preso-1.0/css/print/paper.css,HTTP/1.1,200,4254
86.76.247.183,-,-,18/May/2015,01:05:28,GET,/presentations/logstash-preso-1.0/images/tiered-redis-input.jpg,HTTP/1.1,200,1046727
86.76.247.183,-,-,18/May/2015,01:05:01,GET,/presentations/logstash-preso-1.0/images/tiered-redis-input-complete.jpg,HTTP/1.1,200,1103268
86.76.247.183,-,-,18/May/2015,01:05:58,GET,/presentations/logstash-preso-1.0/images/tiered-outputs-to-inputs-redis.jpg,HTTP/1.1,200,2763364
86.76.247.183,-,-,18/May/2015,02:05:40,GET,/favicon.ico,HTTP/1.1,200,3638
107.22.42.225,-,-,18/May/2015,02:05:26,GET,/favicon.ico,HTTP/1.1,200,3638
208.91.156.11,-,-,18/May/2015,02:05:37,GET,/files/logstash/logstash-1.3.2-monolithic.jar,HTTP/1.1,404,324
198.46.149.143,-,-,18/May/2015,02:05:59,GET,/blog/geekery/disabling-battery-in-ubuntu-vms.html?utm_source=feedburner&utm_medium=feed&utm_campaign=Feed%3A+semicomplete%2Fmain+%28semicomplete.com+-+Jordan+Sissel%29,HTTP/1.1,200,9316
198.46.149.143,-,-,18/May/2015,02:05:52,GET,/blog/geekery/solving-good-or-bad-problems.html?utm_source=feedburner&utm_medium=feed&utm_campaign=Feed%3A+semicomplete%2Fmain+%28semicomplete.com+-+Jordan+Sissel%29,HTTP/1.1,200,10756
207.241.237.226,-,-,18/May/2015,02:05:32,GET,/blog/tags/xulrunner,HTTP/1.0,200,15068
83.115.137.249,-,-,18/May/2015,02:05:58,GET,/presentations/logstash-preso-1.0/images/ahhh___rage_face_by_samusmmx-d5g5zap.png,HTTP/1.1,200,175208
100.43.83.137,-,-,18/May/2015,02:05:13,GET,/presentations/logstash-puppetconf-2012/images/sysadvent.png,HTTP/1.1,304,-
83.115.137.249,-,-,18/May/2015,02:05:03,GET,/favicon.ico,HTTP/1.1,200,3638
23.20.83.155,-,-,18/May/2015,02:05:48,GET,/favicon.ico,HTTP/1.1,200,3638
23.20.83.155,-,-,18/May/2015,02:05:15,GET,/apple-touch-icon.png,HTTP/1.1,404,300
207.241.237.220,-,-,18/May/2015,02:05:27,GET,/blog/tags/shdh,HTTP/1.0,200,14596
66.249.73.135,-,-,18/May/2015,02:05:47,GET,/blog/rants/forbes-dot-com-sucks.html,HTTP/1.1,200,9482
207.241.237.223,-,-,18/May/2015,02:05:08,GET,/blog/geekery/yahoo-hackday-08.html,HTTP/1.0,200,9882
207.241.237.102,-,-,18/May/2015,02:05:09,GET,/blog/geekery/grok-pattern-predicates,HTTP/1.0,200,10730
197.235.139.144,-,-,18/May/2015,02:05:37,GET,/images/googledotcom.png,HTTP/1.1,200,65748
207.241.237.101,-,-,18/May/2015,02:05:01,GET,/blog/geekery/migration-to-googlecode.html,HTTP/1.0,200,9736
107.170.40.199,-,-,18/May/2015,02:05:13,GET,/?flav=atom,HTTP/1.1,200,32352
74.125.176.150,-,-,18/May/2015,02:05:44,GET,/?flav=rss20,HTTP/1.1,200,29941
46.105.14.53,-,-,18/May/2015,02:05:15,GET,/blog/tags/puppet?flav=rss20,HTTP/1.1,200,14872
207.241.237.221,-,-,18/May/2015,02:05:27,GET,/blog/tags/shmoocon2007,HTTP/1.0,200,14763
66.249.73.135,-,-,18/May/2015,02:05:38,GET,/presentations/logstash-hmmm/,HTTP/1.1,200,18298
109.189.132.223,-,-,18/May/2015,02:05:23,GET,/projects/xdotool/,HTTP/1.1,200,12292
207.241.237.103,-,-,18/May/2015,02:05:19,GET,/scripts/tagcloud.py,HTTP/1.0,200,1765
109.189.132.223,-,-,18/May/2015,02:05:35,GET,/reset.css,HTTP/1.1,200,1015
109.189.132.223,-,-,18/May/2015,02:05:39,GET,/style2.css,HTTP/1.1,200,4877
109.189.132.223,-,-,18/May/2015,02:05:51,GET,/images/jordan-80.png,HTTP/1.1,200,6146
109.189.132.223,-,-,18/May/2015,02:05:41,GET,/images/web/2009/banner.png,HTTP/1.1,200,52315
109.189.132.223,-,-,18/May/2015,02:05:37,GET,/favicon.ico,HTTP/1.1,200,3638
207.241.237.220,-,-,18/May/2015,02:05:21,GET,/blog/tags/barcampnyc,HTTP/1.0,200,10762
207.241.237.103,-,-,18/May/2015,02:05:59,GET,/blog/geekery/rhapsody-on-linux.html,HTTP/1.0,200,9109
207.241.237.220,-,-,18/May/2015,02:05:14,GET,/blog/tags/fex,HTTP/1.0,200,13425
80.57.170.121,-,-,18/May/2015,02:05:44,GET,/blog/geekery/debugging-java-performance.html,HTTP/1.1,200,15796
80.57.170.121,-,-,18/May/2015,02:05:18,GET,/reset.css,HTTP/1.1,200,1015
80.57.170.121,-,-,18/May/2015,02:05:35,GET,/style2.css,HTTP/1.1,200,4877
80.57.170.121,-,-,18/May/2015,02:05:15,GET,/images/jordan-80.png,HTTP/1.1,200,6146
80.57.170.121,-,-,18/May/2015,02:05:06,GET,/images/web/2009/banner.png,HTTP/1.1,200,52315
80.57.170.121,-,-,18/May/2015,02:05:47,GET,/favicon.ico,HTTP/1.1,200,3638
207.241.237.102,-,-,18/May/2015,02:05:13,GET,/blog/geekery/pull-album-covers-from-amazon.html,HTTP/1.0,200,9356
207.241.237.225,-,-,18/May/2015,02:05:21,GET,/blog/tags/weekof,HTTP/1.0,200,12410
207.241.237.223,-,-,18/May/2015,02:05:28,GET,/blog/rants/the-itunes-model.html,HTTP/1.0,200,10170
207.241.237.225,-,-,18/May/2015,02:05:36,GET,/blog/geekery/non-compiler-caching.html,HTTP/1.0,200,10495
157.56.229.247,-,-,18/May/2015,02:05:22,GET,/blog/tags/eventdb,HTTP/1.1,200,20966
209.85.238.199,-,-,18/May/2015,02:05:44,GET,/?flav=rss20,HTTP/1.1,200,29941
207.241.237.227,-,-,18/May/2015,02:05:53,GET,/blog/geekery/boost-xpressive-testing.html,HTTP/1.0,200,10337
207.241.237.227,-,-,18/May/2015,02:05:30,GET,/projects/pam_captcha/,HTTP/1.0,200,10514
66.249.73.135,-,-,18/May/2015,02:05:46,GET,/blog/tags/logs,HTTP/1.1,200,34598
207.241.237.223,-,-,18/May/2015,02:05:20,GET,/blog/geekery/grok-pattern-autodiscovery,HTTP/1.0,200,12851
207.241.237.104,-,-,18/May/2015,02:05:25,GET,/blog/geekery/session-balancing-across-tomcats-with-apache.html,HTTP/1.0,200,12375
207.241.237.223,-,-,18/May/2015,02:05:08,GET,/blog/tags/xpressive,HTTP/1.0,200,12340
207.241.237.226,-,-,18/May/2015,02:05:25,GET,/blog/geekery/shell-shortcut-hacks.html,HTTP/1.0,200,9363
66.249.83.223,-,-,18/May/2015,02:05:01,GET,/,HTTP/1.1,200,37932
66.249.83.223,-,-,18/May/2015,02:05:33,GET,/favicon.ico,HTTP/1.1,200,3638
46.105.14.53,-,-,18/May/2015,02:05:54,GET,/blog/tags/puppet?flav=rss20,HTTP/1.1,200,14872
91.9.25.91,-,-,18/May/2015,02:05:11,GET,/projects/xdotool/xdotool.xhtml,HTTP/1.1,200,50112
91.9.25.91,-,-,18/May/2015,02:05:19,GET,/favicon.ico,HTTP/1.1,200,3638
94.23.106.234,-,-,18/May/2015,02:05:42,GET,/presentations/logstash-metrics-sf-2012.10/,HTTP/1.1,200,18729
94.23.106.234,-,-,18/May/2015,02:05:39,GET,/presentations/logstash-metrics-sf-2012.10/,HTTP/1.1,200,18729
105.235.218.242,-,-,18/May/2015,02:05:21,GET,/projects/xdotool/,HTTP/1.1,200,12292
105.235.218.242,-,-,18/May/2015,02:05:43,GET,/images/jordan-80.png,HTTP/1.1,200,6146
105.235.218.242,-,-,18/May/2015,02:05:13,GET,/reset.css,HTTP/1.1,200,1015
105.235.218.242,-,-,18/May/2015,02:05:32,GET,/style2.css,HTTP/1.1,200,4877
105.235.218.242,-,-,18/May/2015,02:05:07,GET,/images/web/2009/banner.png,HTTP/1.1,200,52315
71.33.204.157,-,-,18/May/2015,02:05:11,GET,/articles/dynamic-dns-with-dhcp/,HTTP/1.1,200,18848
71.33.204.157,-,-,18/May/2015,02:05:08,GET,/reset.css,HTTP/1.1,200,1015
71.33.204.157,-,-,18/May/2015,02:05:06,GET,/style2.css,HTTP/1.1,200,4877
71.33.204.157,-,-,18/May/2015,02:05:40,GET,/images/jordan-80.png,HTTP/1.1,200,6146
105.235.218.242,-,-,18/May/2015,02:05:56,GET,/favicon.ico,HTTP/1.1,200,3638
71.33.204.157,-,-,18/May/2015,02:05:54,GET,/images/web/2009/banner.png,HTTP/1.1,200,52315
71.33.204.157,-,-,18/May/2015,02:05:10,GET,/favicon.ico,HTTP/1.1,200,3638
207.241.237.221,-,-,18/May/2015,02:05:44,GET,/blog/tags/boost,HTTP/1.0,200,16587
207.241.237.223,-,-,18/May/2015,02:05:29,GET,/blog/geekery/sparsa2006.html,HTTP/1.0,200,25306
207.241.237.227,-,-,18/May/2015,02:05:52,GET,/blog/tags/hackday06,HTTP/1.0,200,14134
207.241.237.220,-,-,18/May/2015,02:05:39,GET,/blog/tags/sed,HTTP/1.0,200,13715
207.241.237.227,-,-,18/May/2015,02:05:09,GET,/blog/tags/music,HTTP/1.0,200,17268
66.249.73.135,-,-,18/May/2015,02:05:51,GET,/blog/tags/networking,HTTP/1.1,200,46777
209.85.238.199,-,-,18/May/2015,02:05:30,GET,/?flav=atom,HTTP/1.1,200,32352
123.125.71.114,-,-,18/May/2015,02:05:39,GET,/,HTTP/1.1,200,37932
69.115.24.125,-,-,18/May/2015,02:05:41,GET,/projects/xdotool/xdotool.xhtml,HTTP/1.1,200,50112
69.115.24.125,-,-,18/May/2015,02:05:26,GET,/favicon.ico,HTTP/1.1,200,3638
220.181.108.171,-,-,18/May/2015,02:05:05,GET,/,HTTP/1.1,200,36824
50.16.19.13,-,-,18/May/2015,02:05:09,GET,/blog/tags/puppet?flav=rss20,HTTP/1.1,200,14872
207.241.237.225,-,-,18/May/2015,02:05:11,GET,/blog/geekery/year-in-review-2008.html,HTTP/1.0,200,16780
207.241.237.101,-,-,18/May/2015,02:05:37,GET,/blog/geekery/barcamp-rochester3.html,HTTP/1.0,200,10558
46.105.14.53,-,-,18/May/2015,02:05:09,GET,/blog/tags/puppet?flav=rss20,HTTP/1.1,200,14872
207.241.237.225,-,-,18/May/2015,02:05:39,GET,/blog/geekery/mysql-prepare-queries-not-cached,HTTP/1.0,200,12484
79.114.119.129,-,-,18/May/2015,02:05:09,GET,/,HTTP/1.1,200,37932
208.93.0.48,-,-,18/May/2015,02:05:28,GET,/?flav=atom,HTTP/1.1,200,32352
207.241.237.225,-,-,18/May/2015,02:05:38,GET,/blog/geekery/grok-pcre-sneak.html,HTTP/1.0,200,9422
207.241.237.227,-,-,18/May/2015,02:05:53,GET,/blog/tags/barcampsf,HTTP/1.0,200,22492
207.241.237.103,-,-,18/May/2015,02:05:50,GET,/blog/tags/xul,HTTP/1.0,200,12527
79.164.36.106,-,-,18/May/2015,02:05:38,GET,/projects/xdotool/xdotool.xhtml,HTTP/1.1,200,50112
79.164.36.106,-,-,18/May/2015,02:05:26,GET,/favicon.ico,HTTP/1.1,200,3638
207.241.237.103,-,-,18/May/2015,02:05:36,GET,/blog/tags/code,HTTP/1.0,200,14472
82.127.237.118,-,-,18/May/2015,02:05:23,GET,/files/wifipencap.sh,HTTP/1.1,200,2804
207.241.237.103,-,-,18/May/2015,02:05:34,GET,/blog/tags/x11,HTTP/1.0,200,33820
207.241.237.220,-,-,18/May/2015,02:05:59,GET,/blog/tags/xlib,HTTP/1.0,200,23353
66.249.73.135,-,-,18/May/2015,02:05:07,GET,/files/xdotool/docs/html/globals.html,HTTP/1.1,304,-
68.180.224.225,-,-,18/May/2015,02:05:23,GET,/robots.txt,HTTP/1.1,200,-
68.180.224.225,-,-,18/May/2015,02:05:10,GET,/blog/growing-logstash-value.html,HTTP/1.1,200,11113
66.249.73.135,-,-,18/May/2015,02:05:09,GET,/blog/geekery/tsawm-window-manager-project.html,HTTP/1.1,200,10489
54.219.196.51,-,-,18/May/2015,02:05:50,GET,/blog/tags/puppet?flav=rss20,HTTP/1.1,200,14872
68.180.224.225,-,-,18/May/2015,02:05:35,GET,/projects/grok,HTTP/1.1,301,341
46.105.14.53,-,-,18/May/2015,02:05:52,GET,/blog/tags/puppet?flav=rss20,HTTP/1.1,200,14872
89.136.142.105,-,-,18/May/2015,02:05:42,GET,/favicon.ico,HTTP/1.1,200,3638
89.136.142.105,-,-,18/May/2015,02:05:22,GET,/favicon.ico,HTTP/1.1,200,3638
200.123.214.163,-,-,18/May/2015,02:05:07,GET,/images/googledotcom.png,HTTP/1.1,200,65748
66.249.73.135,-,-,18/May/2015,02:05:46,GET,/files/xdotool/docs/html/xdo_8h_source.html,HTTP/1.1,304,-
74.125.176.145,-,-,18/May/2015,02:05:48,GET,/?flav=rss20,HTTP/1.1,200,29941
207.241.237.226,-,-,18/May/2015,02:05:31,GET,/blog/geekery/keynav-0.20100302.html,HTTP/1.0,200,9892
83.253.123.163,-,-,18/May/2015,02:05:35,GET,/projects/xdotool/,HTTP/1.1,200,12292
83.253.123.163,-,-,18/May/2015,02:05:20,GET,/reset.css,HTTP/1.1,200,1015
83.253.123.163,-,-,18/May/2015,02:05:32,GET,/favicon.ico,HTTP/1.1,200,3638
83.253.123.163,-,-,18/May/2015,02:05:47,GET,/style2.css,HTTP/1.1,200,4877
83.253.123.163,-,-,18/May/2015,02:05:33,GET,/images/jordan-80.png,HTTP/1.1,200,6146
83.253.123.163,-,-,18/May/2015,02:05:02,GET,/images/web/2009/banner.png,HTTP/1.1,200,52315
178.255.215.71,-,-,18/May/2015,02:05:43,GET,/robots.txt,HTTP/1.1,200,-
178.255.215.71,-,-,18/May/2015,02:05:10,GET,/blog/python/pyblosxom_antispam.html,HTTP/1.1,200,9383
37.115.113.172,-,-,18/May/2015,02:05:19,GET,/blog/geekery/ssl-latency.html,HTTP/1.1,200,17147
37.115.113.172,-,-,18/May/2015,02:05:10,GET,/blog/geekery/ssl-latency.html,HTTP/1.1,200,17147
37.115.113.172,-,-,18/May/2015,02:05:49,GET,/blog/geekery/ssl-latency.html,HTTP/1.1,200,17147
207.241.237.101,-,-,18/May/2015,02:05:05,GET,/blog/articles/ppp-over-ssh/main.html,HTTP/1.0,200,18586
46.105.14.53,-,-,18/May/2015,02:05:39,GET,/blog/tags/puppet?flav=rss20,HTTP/1.1,200,14872
66.249.73.135,-,-,18/May/2015,02:05:50,GET,/projects/tastydrive/tastydrive.py,HTTP/1.1,304,-
207.241.237.103,-,-,18/May/2015,02:05:52,GET,/blog/tags/nomouse,HTTP/1.0,200,11570
157.55.35.45,-,-,18/May/2015,03:05:27,GET,/articles/dynamic-dns-with-dhcp/,HTTP/1.1,200,18848
79.83.255.199,-,-,18/May/2015,03:05:54,GET,/blog/geekery/bypassing-captive-portals.html,HTTP/1.1,200,10613
79.83.255.199,-,-,18/May/2015,03:05:48,GET,/reset.css,HTTP/1.1,200,1015
79.83.255.199,-,-,18/May/2015,03:05:31,GET,/style2.css,HTTP/1.1,200,4877
79.83.255.199,-,-,18/May/2015,03:05:27,GET,/images/jordan-80.png,HTTP/1.1,200,6146
79.83.255.199,-,-,18/May/2015,03:05:46,GET,/images/web/2009/banner.png,HTTP/1.1,200,52315
79.83.255.199,-,-,18/May/2015,03:05:13,GET,/favicon.ico,HTTP/1.1,200,3638
50.16.19.13,-,-,18/May/2015,03:05:11,GET,/blog/tags/puppet?flav=rss20,HTTP/1.1,200,14872
46.105.14.53,-,-,18/May/2015,03:05:01,GET,/blog/tags/puppet?flav=rss20,HTTP/1.1,200,14872
